지점,지점명,일시,평균기온(°C),최저기온(°C),최저기온 시각(hhmi),최고기온(°C),최고기온 시각(hhmi),강수 계속시간(hr),10분 최다 강수량(mm),1시간 최다강수량(mm)
108,서울,2021-01-01,-4.2,-9.8,511,1.6,1447,,,
108,서울,2021-01-02,-5,-8.4,805,-1.4,1346,,,
108,서울,2021-01-03,-5.6,-9.1,536,-2,1238,,,
108,서울,2021-01-04,-3.5,-8.4,656,.3,1535,2.33,,
108,서울,2021-01-05,-5.5,-9.9,2356,-2.1,1,5.42,,
108,서울,2021-01-06,-7.4,-12,702,-1.9,1547,5.33,,
108,서울,2021-01-07,-14.5,-16.5,802,-8.4,1,,,
108,서울,2021-01-08,-14.9,-18.6,812,-10.7,1450,,,
108,서울,2021-01-09,-12.2,-16.6,614,-7.5,1602,,,
108,서울,2021-01-10,-7.7,-12.8,538,-2.7,1406,,,
108,서울,2021-01-11,-6.7,-9.6,502,-4,1452,,,
108,서울,2021-01-12,-3.9,-9.3,657,-.5,1417,7.5,,
108,서울,2021-01-13,2,-3,430,8.3,1458,.67,,
108,서울,2021-01-14,1.7,-3.6,749,7,1506,,,
108,서울,2021-01-15,4.5,-.7,2357,9.9,1303,.42,,
108,서울,2021-01-16,-4.9,-8.7,2349,-.7,1,,,
108,서울,2021-01-17,-5.5,-10.8,800,-1.3,1516,5.25,,
108,서울,2021-01-18,-3.8,-9.1,2356,.2,1325,5.42,,
108,서울,2021-01-19,-6.3,-11.6,753,-.2,1537,,,
108,서울,2021-01-20,-.1,-6.6,513,7.1,1559,,,
108,서울,2021-01-21,4.5,2.5,1,7,1337,10.25,,
108,서울,2021-01-22,5.5,4.8,5,6.6,1356,2,,
108,서울,2021-01-23,7.6,4.8,12,12.2,1504,,,
108,서울,2021-01-24,7.3,2.4,758,13.9,1510,,,
108,서울,2021-01-25,7.9,3,542,13.9,1527,,,
108,서울,2021-01-26,5.3,1.7,2357,7.4,1,6.92,,
108,서울,2021-01-27,1.7,-1.8,759,6.5,1400,,,
108,서울,2021-01-28,-2.6,-9.7,2352,1.4,940,1.33,,
108,서울,2021-01-29,-8.8,-11.6,556,-4.9,1556,,,
108,서울,2021-01-30,-1.6,-8.1,1,5.2,1614,4.5,,
108,서울,2021-01-31,3.2,-3.8,542,8.7,1517,,,
108,서울,2021-02-01,5,-2.3,2357,9.5,1320,.83,,
108,서울,2021-02-02,-5.6,-8.2,756,-2.4,1,3.83,,
108,서울,2021-02-03,-3.2,-9.4,335,1.4,1337,6.5,,
108,서울,2021-02-04,-3.6,-7.4,732,.7,1554,1.33,,
108,서울,2021-02-05,1.4,-4.4,1,6.7,1532,,,
108,서울,2021-02-06,6.8,4.3,1,9.5,1405,,,
108,서울,2021-02-07,3.6,-2.6,2352,7.7,1441,,,
108,서울,2021-02-08,-3.1,-5.4,734,.2,1517,,,
108,서울,2021-02-09,-.9,-6.1,415,4.7,1551,,,
108,서울,2021-02-10,3.4,-1.5,339,7.2,1509,,,
108,서울,2021-02-11,5.5,1.3,615,10.9,1606,,,
108,서울,2021-02-12,6.5,.6,722,14,1507,,,
108,서울,2021-02-13,7.6,1,758,15.9,1444,,,
108,서울,2021-02-14,9.5,6.4,703,13.8,1244,.17,,
108,서울,2021-02-15,1.2,-5.2,2339,8.2,1,5.5,,
108,서울,2021-02-16,-5.1,-7,2358,-1.3,1707,5.55,,
108,서울,2021-02-17,-8.3,-10.4,719,-5.2,1453,.67,,
108,서울,2021-02-18,-5.8,-10.6,612,-.4,1631,,,
108,서울,2021-02-19,1.6,-7.1,537,8.9,1553,,,
108,서울,2021-02-20,8.8,5.5,1,14.9,1545,,,
108,서울,2021-02-21,10.8,4.7,723,17.4,1347,,,
108,서울,2021-02-22,7.8,.4,2358,12.6,1220,,,
108,서울,2021-02-23,0,-3.1,733,4.3,1521,,,
108,서울,2021-02-24,2.9,-3,720,10.1,1517,,,
108,서울,2021-02-25,4.2,.7,406,8.2,1527,,,
108,서울,2021-02-26,8.2,.5,721,15.8,1506,,,
108,서울,2021-02-27,9.5,4.3,636,16.2,1601,,,
108,서울,2021-02-28,7.8,3.2,717,10.8,1607,,,
108,서울,2021-03-01,4.7,.5,2324,9,1,22.92,,
108,서울,2021-03-02,2.3,.2,352,6.9,1543,1.33,,
108,서울,2021-03-03,4.4,-1.2,656,9.9,1627,,,
108,서울,2021-03-04,7.2,2.5,310,13,1559,,,
108,서울,2021-03-05,9,3,729,16.2,1518,,,
108,서울,2021-03-06,6.6,3.2,2357,11.6,1216,,,
108,서울,2021-03-07,6.2,2.1,659,12.2,1423,,,
108,서울,2021-03-08,7,1.5,706,13.9,1425,,,
108,서울,2021-03-09,6.6,2.1,550,12.2,1433,,,
108,서울,2021-03-10,8.8,1.7,704,17.1,1539,,,
108,서울,2021-03-11,10.2,4.7,720,17.1,1436,,,
108,서울,2021-03-12,10.5,7.2,2353,14.9,1240,2.75,,
108,서울,2021-03-13,9.2,4.6,650,14.2,1436,,,
108,서울,2021-03-14,9.1,4.9,701,14.7,1541,,,
108,서울,2021-03-15,10.6,5.1,602,15.7,1446,1.25,,
108,서울,2021-03-16,8.4,4.9,2356,13.1,1438,2.42,,
108,서울,2021-03-17,8.8,1.8,628,17.5,1613,,,
108,서울,2021-03-18,11.7,5,540,18.4,1604,,,
108,서울,2021-03-19,15.3,11.4,640,20.2,1510,,,
108,서울,2021-03-20,9.9,7.4,2346,14.7,1,10.5,,
108,서울,2021-03-21,5.8,3.1,2355,8.6,1427,1.5,,
108,서울,2021-03-22,6.2,1.1,653,11.1,1349,,,
108,서울,2021-03-23,9.1,2.5,518,16.4,1418,,,
108,서울,2021-03-24,10.8,5.7,619,16.9,1513,,,
108,서울,2021-03-25,11.9,6.8,2356,19,1405,,,
108,서울,2021-03-26,12.6,4.8,647,20.6,1543,,,
108,서울,2021-03-27,12.1,10.2,621,15,1156,13.08,,
108,서울,2021-03-28,9,7.7,643,13,138,15,,
108,서울,2021-03-29,10.2,7.3,2357,14.6,1342,2.75,,
108,서울,2021-03-30,10.8,4.1,623,18.2,1548,,,
108,서울,2021-03-31,14.5,5.9,631,22.9,1535,,,
108,서울,2021-04-01,17.7,12,651,24,1614,,,
108,서울,2021-04-02,17.8,12.5,408,23,1506,.83,0,0
108,서울,2021-04-03,14.9,10.9,2353,18,1,16.53,2.9,11.5
108,서울,2021-04-04,11.9,9,2400,15.8,1337,5.75,.2,.4
108,서울,2021-04-05,11.9,5.4,629,19.3,1614,,,
108,서울,2021-04-06,13.9,9.4,510,19.2,1343,,,
108,서울,2021-04-07,14.1,8.1,607,20.4,1335,,,
108,서울,2021-04-08,13,7.2,616,18,1516,,,
108,서울,2021-04-09,13.6,7.6,416,19.6,1558,,,
108,서울,2021-04-10,12.6,7.7,607,18.8,1459,,,
108,서울,2021-04-11,15,7.5,639,21.8,1610,,,
108,서울,2021-04-12,13.8,11.9,1703,17.8,1132,14.17,1.6,5.4
108,서울,2021-04-13,10.4,5.7,2355,13.5,1343,6.75,.8,3
108,서울,2021-04-14,8.4,3.1,544,13.3,1224,,,
108,서울,2021-04-15,11.6,6.3,313,18.3,1454,,,
108,서울,2021-04-16,11.3,8.1,2400,14.8,1602,3.5,.3,.7
108,서울,2021-04-17,9.6,6,611,14.6,1527,1.58,0,0
108,서울,2021-04-18,9.9,5.6,607,15.3,1602,,,
108,서울,2021-04-19,12.2,5.8,542,19.4,1440,,,
108,서울,2021-04-20,14.8,8.1,614,22,1552,,,
108,서울,2021-04-21,19.1,10.3,601,28.2,1601,,,
108,서울,2021-04-22,20.9,16.1,251,27.5,1356,,,
108,서울,2021-04-23,19,17,703,21.7,1350,4,0,0
108,서울,2021-04-24,18.3,15.3,637,22.2,1540,.67,0,0
108,서울,2021-04-25,18.2,12.6,500,24,1645,,,
108,서울,2021-04-26,16.2,12.3,614,20.6,1408,,,
108,서울,2021-04-27,15.4,12.5,430,20,1427,4,2.2,5.8
108,서울,2021-04-28,14.5,11.2,602,18.2,1419,1.33,1.4,4.7
108,서울,2021-04-29,14.6,10.9,538,20.1,1609,4.33,1.2,4.3
108,서울,2021-04-30,11.3,8.6,414,14.6,1227,9.75,1.8,8.9
108,서울,2021-05-01,10.2,8.5,2326,15.3,1256,11.67,1.5,5.3
108,서울,2021-05-02,12.4,7.3,602,18.7,1436,2.5,.4,1.2
108,서울,2021-05-03,14.1,8.4,555,20.3,1520,,,
108,서울,2021-05-04,13.8,11.4,300,15.8,1915,16.25,1.5,5.1
108,서울,2021-05-05,13.9,10.3,620,18.4,1509,.5,.1,.4
108,서울,2021-05-06,15.7,7.9,538,23.1,1420,,,
108,서울,2021-05-07,14.4,10.7,2357,17.2,1505,1.5,5.9,8.8
108,서울,2021-05-08,14.3,8.9,547,21,1437,,,
108,서울,2021-05-09,15.7,10,513,21.8,1551,,,
108,서울,2021-05-10,13.2,11.7,230,14.6,1716,3.08,0,0
108,서울,2021-05-11,18.5,9.4,414,25.7,1514,,,
108,서울,2021-05-12,22,16.9,529,27.7,1626,,,
108,서울,2021-05-13,22.9,16.6,542,29.6,1459,,,
108,서울,2021-05-14,24.1,18,558,30.8,1541,,,
108,서울,2021-05-15,22.1,20.8,1911,26.2,1204,14,2.2,5.8
108,서울,2021-05-16,18.4,14.8,2345,20.8,1,24,2.6,11.3
108,서울,2021-05-17,15.3,14.2,442,16.7,1815,13.83,.4,1.7
108,서울,2021-05-18,17.9,13.6,403,24.5,1611,,,
108,서울,2021-05-19,19.9,12.4,557,26.6,1503,,,
108,서울,2021-05-20,18.7,15.6,2335,22.9,1252,11.15,.3,.5
108,서울,2021-05-21,16,14.2,637,18.2,1820,15.17,1.3,2
108,서울,2021-05-22,18.6,13.8,531,23.8,1309,.92,.2,.2
108,서울,2021-05-23,19.5,14.3,521,25.1,1328,,,
108,서울,2021-05-24,19.4,16.4,536,24.5,1525,,,
108,서울,2021-05-25,15.3,11.9,854,19.3,1632,4.58,2.1,5.4
108,서울,2021-05-26,18,11.5,513,23,1513,.67,0,0
108,서울,2021-05-27,15.8,13.9,2301,18.7,1611,5.92,2.1,6.5
108,서울,2021-05-28,15.3,12.4,844,19.7,1556,7.83,1.7,4.7
108,서울,2021-05-29,15.4,12.8,2353,19.1,1017,8.42,.2,.2
108,서울,2021-05-30,18.4,10.8,540,26.3,1603,4,4,11.3
108,서울,2021-05-31,19.9,16.5,417,23.8,1725,2.5,3.2,4.7
108,서울,2021-06-01,20.2,15.9,811,23.9,1311,4.42,1.3,2.3
108,서울,2021-06-02,23.2,16.6,453,29.7,1531,,,
108,서울,2021-06-03,19.1,14.6,2335,22.7,1143,12.17,2.5,5.1
108,서울,2021-06-04,18.5,13.3,419,23.6,1530,,,
108,서울,2021-06-05,20.8,17,359,25.7,1524,,,
108,서울,2021-06-06,23,18.4,138,28.2,1529,,,
108,서울,2021-06-07,21.1,19.4,353,24,1734,3.58,0,0
108,서울,2021-06-08,23.6,18.8,533,29.5,1539,.92,.1,.1
108,서울,2021-06-09,25.8,19.5,453,31.6,1525,,,
108,서울,2021-06-10,24.9,20.5,2349,29.8,1441,6.67,2,5.1
108,서울,2021-06-11,21.5,19.9,50,24.4,1628,4.17,1,2.6
108,서울,2021-06-12,24.2,18.2,444,30.2,1514,,,
108,서울,2021-06-13,24.8,20.9,513,29.7,1620,,,
108,서울,2021-06-14,24.8,18.9,609,30.2,1452,,,
108,서울,2021-06-15,22.5,21.5,523,25.3,1751,7.92,.3,.9
108,서울,2021-06-16,24.3,20.3,347,28.9,1622,,,
108,서울,2021-06-17,21.9,19.6,439,25,1247,4.25,0,0
108,서울,2021-06-18,20,19,601,21.4,1711,12,.5,1.7
108,서울,2021-06-19,22.3,17.5,550,27.4,1553,,,
108,서울,2021-06-20,22.9,17.6,520,29,1319,,,
108,서울,2021-06-21,23.6,19.2,511,28.5,1457,,,
108,서울,2021-06-22,22.8,19.7,538,28.6,1347,2.08,0,0
108,서울,2021-06-23,22.4,18.8,528,27.9,1504,.67,5,7.5
108,서울,2021-06-24,23,18.5,443,28,1540,,,
108,서울,2021-06-25,24.1,19.5,551,29.5,1619,,,
108,서울,2021-06-26,22.8,19.9,557,26.7,1549,11.42,.7,2.6
108,서울,2021-06-27,24.5,19.8,447,30.8,1511,3.42,11.7,37.7
108,서울,2021-06-28,23.7,21,629,29.2,1447,1.67,.1,.1
108,서울,2021-06-29,23.9,21.3,442,28.4,1531,1.67,3.8,8
108,서울,2021-06-30,24.3,21,405,28.8,1654,1.35,3.4,6
108,서울,2021-07-01,26.3,21.4,519,31,1525,,,
108,서울,2021-07-02,27.1,23.6,538,31.8,1612,,,
108,서울,2021-07-03,22.6,19.6,2208,25.7,1,9.42,4,13.8
108,서울,2021-07-04,21.4,19.8,1,23.1,1500,18.33,1.2,5.3
108,서울,2021-07-05,23.3,20.1,328,26.9,1444,,,
108,서울,2021-07-06,25.3,21,450,30.1,1437,,,
108,서울,2021-07-07,26.4,23.9,419,29.1,1441,4.67,8.5,12.4
108,서울,2021-07-08,26,23.8,520,29.8,1451,2,1,2.7
108,서울,2021-07-09,25.5,23.6,335,29.2,1530,.25,0,0
108,서울,2021-07-10,25.9,23.1,631,29.2,1340,2.8,.2,.2
108,서울,2021-07-11,25.7,24.1,700,27.5,1552,5.17,.3,.4
108,서울,2021-07-12,28.1,23.8,557,32.5,1604,,,
108,서울,2021-07-13,28.8,26.3,429,31.5,1431,,,
108,서울,2021-07-14,29.7,26.1,447,33.5,1508,,,
108,서울,2021-07-15,29.1,25.9,2344,34.5,1347,2.07,0,0
108,서울,2021-07-16,28.8,24.2,508,35.2,1538,,,
108,서울,2021-07-17,29.1,24.7,521,32.8,1557,.17,0,0
108,서울,2021-07-18,29.6,25.7,551,34.1,1546,,,
108,서울,2021-07-19,26.4,24,1532,30.5,1134,5,26.6,65.7
108,서울,2021-07-20,27.9,23.6,532,31.8,1159,.83,0,0
108,서울,2021-07-21,30.5,25.3,556,35.3,1654,,,
108,서울,2021-07-22,31.2,26.5,621,35.9,1615,,,
108,서울,2021-07-23,31.2,27.2,541,35.8,1604,,,
108,서울,2021-07-24,31.7,26.9,548,36.5,1508,,,
108,서울,2021-07-25,31.5,27.2,542,35.9,1547,,,
108,서울,2021-07-26,31.2,27.4,608,35.4,1521,,,
108,서울,2021-07-27,31.1,27.8,601,35.7,1520,,,
108,서울,2021-07-28,30.4,27.1,600,34.7,1456,1.33,0,0
108,서울,2021-07-29,29.6,27,529,33.3,1303,,,
108,서울,2021-07-30,30.5,25.8,559,35.4,1406,,,
108,서울,2021-07-31,29.8,26.8,538,34.3,1457,2.75,2.4,2.4
108,서울,2021-08-01,27.1,25.1,2345,28.8,1237,13.42,7.3,8.7
108,서울,2021-08-02,26.5,25,17,28.6,1725,6.92,.4,1.4
108,서울,2021-08-03,28,24.1,538,31.4,1441,.35,0,0
108,서울,2021-08-04,28.9,26.3,532,33.2,1426,,,
108,서울,2021-08-05,29.4,25.6,407,33.7,1511,,,
108,서울,2021-08-06,28.1,26,2332,32.2,1304,,,
108,서울,2021-08-07,28,23.4,547,32.3,1616,,,
108,서울,2021-08-08,26.8,24.4,607,32.1,1324,4.58,7.8,11.6
108,서울,2021-08-09,28.3,23.3,455,33.6,1530,,,
108,서울,2021-08-10,27.7,24.3,549,32.2,1528,,,
108,서울,2021-08-11,27.4,24.1,630,31.6,1624,1.25,0,0
108,서울,2021-08-12,26.8,24,2305,31.7,1432,1.08,0,0
108,서울,2021-08-13,26.6,23.4,201,30.1,1620,,,
108,서울,2021-08-14,26.1,23.4,603,30.5,1449,,,
108,서울,2021-08-15,26.9,21.7,457,32.4,1614,,,
108,서울,2021-08-16,27.3,22.5,611,32.8,1627,.92,0,0
108,서울,2021-08-17,25.9,21.9,2357,31.3,1347,4.67,1.2,5.3
108,서울,2021-08-18,24.3,20.6,806,31,1511,3.97,1.3,2.9
108,서울,2021-08-19,26,21,429,31.5,1533,,,
108,서울,2021-08-20,26.6,22.6,609,30.7,1641,.58,0,0
108,서울,2021-08-21,23.8,21,1312,25.5,1600,11.33,11.9,27.9
108,서울,2021-08-22,24.4,22.4,524,27,1319,1,0,0
108,서울,2021-08-23,22.4,21,2132,24,1124,11.33,.5,2
108,서울,2021-08-24,23.4,21.1,1,26.4,1524,12.58,1.3,2.8
108,서울,2021-08-25,25,23.5,603,27.3,1502,4.25,.2,.3
108,서울,2021-08-26,25.5,22.9,523,27.9,1442,1.17,.7,.7
108,서울,2021-08-27,22.4,20.4,2317,25.5,1,10.38,.3,.7
108,서울,2021-08-28,23.6,19.7,615,28.2,1443,,,
108,서울,2021-08-29,23.7,21.9,752,26.3,1640,3.17,.5,.7
108,서울,2021-08-30,24.2,21.2,605,27.7,1543,1.17,0,0
108,서울,2021-08-31,20.5,18.1,1810,23.1,1,16.55,4.4,12.4
108,서울,2021-09-01,21.4,18.5,121,23.9,1525,4.08,.7,3.1
108,서울,2021-09-02,23.5,20.7,551,26.7,1359,,,
108,서울,2021-09-03,24.3,20.6,455,29.2,1543,,,
108,서울,2021-09-04,23.2,18.5,548,28.6,1505,,,
108,서울,2021-09-05,23.1,19.4,458,27.3,1311,,,
108,서울,2021-09-06,22.3,18,2345,26.4,1252,9.17,1.2,4
108,서울,2021-09-07,19.6,17.6,112,20.9,1629,22.58,2.4,6.6
108,서울,2021-09-08,22.2,19,543,26.9,1428,6.67,.3,.7
108,서울,2021-09-09,23.5,19.1,432,29.1,1610,,,
108,서울,2021-09-10,23.6,19.5,615,28.9,1423,,,
108,서울,2021-09-11,24,19.9,619,29.4,1449,,,
108,서울,2021-09-12,24.2,19.2,624,29.8,1557,,,
108,서울,2021-09-13,24.8,20.8,610,30.3,1504,,,
108,서울,2021-09-14,24.6,20,615,29.5,1626,,,
108,서울,2021-09-15,23.6,19.5,620,28.9,1442,,,
108,서울,2021-09-16,22.9,18,551,27.3,1323,,,
108,서울,2021-09-17,23.5,20.5,658,28.2,1506,,,
108,서울,2021-09-18,23.9,18.9,653,29.8,1529,,,
108,서울,2021-09-19,23.7,20.8,2356,27.8,1513,,,
108,서울,2021-09-20,23.7,19,603,28.4,1523,,,
108,서울,2021-09-21,22,17.4,2353,26.2,1446,9.58,7.5,27.1
108,서울,2021-09-22,20.2,16.8,436,24.3,1524,2,1.9,4.2
108,서울,2021-09-23,20.9,16.9,300,25.9,1617,,,
108,서울,2021-09-24,21.8,16.7,619,26.9,1529,,,
108,서울,2021-09-25,21.2,18.7,427,23.1,1607,,,
108,서울,2021-09-26,22.6,18.4,645,27.3,1535,,,
108,서울,2021-09-27,21.6,18.7,544,25,1208,5.67,0,0
108,서울,2021-09-28,21.5,19.6,410,24.4,1247,9.28,.3,.7
108,서울,2021-09-29,20.2,17.8,2400,21.4,1132,12.25,1.6,5
108,서울,2021-09-30,20.3,16,609,25.9,1506,,,
108,서울,2021-10-01,21.1,16.9,605,27.5,1416,2.17,8.5,12.7
108,서울,2021-10-02,20.7,16.4,540,26.6,1516,,,
108,서울,2021-10-03,22.3,17.1,552,28.8,1447,,,
108,서울,2021-10-04,22.9,19.2,223,25.6,1509,6.17,1.1,3.5
108,서울,2021-10-05,23.6,21.7,2338,26.5,1335,2.92,0,0
108,서울,2021-10-06,18.8,17.9,829,21.7,1,11.92,.6,2
108,서울,2021-10-07,19.4,17.9,2353,21.9,1345,6.08,1.2,3.8
108,서울,2021-10-08,18.8,17.5,117,20,1359,8.58,.3,.9
108,서울,2021-10-09,20.9,18.5,339,24.1,1632,3.5,.2,.3
108,서울,2021-10-10,19.9,14.9,2357,24.3,1209,13.33,1.4,4.4
108,서울,2021-10-11,15.2,12.6,646,17.8,1614,4.83,.2,.3
108,서울,2021-10-12,17.9,15.8,130,21.3,1556,,,
108,서울,2021-10-13,19.6,14.9,445,25.2,1555,,,
108,서울,2021-10-14,19.7,17.4,659,23.9,1444,,,
108,서울,2021-10-15,19,17,637,21.4,1356,7.83,0,0
108,서울,2021-10-16,10.7,4.2,2327,18.1,1,2.17,0,0
108,서울,2021-10-17,5.6,1.3,657,10.8,1548,,,
108,서울,2021-10-18,9.6,2.8,453,16.1,1347,4.08,1.3,4.8
108,서울,2021-10-19,10.9,7.1,2359,15,1336,2.75,1,3.1
108,서울,2021-10-20,9.5,4.6,612,15.8,1515,,,
108,서울,2021-10-21,9.8,4.9,658,16.2,1511,,,
108,서울,2021-10-22,10.8,5.2,658,17.2,1543,,,
108,서울,2021-10-23,11.4,5.7,716,18.4,1408,,,
108,서울,2021-10-24,11.4,6,713,18.1,1522,,,
108,서울,2021-10-25,11.7,6.3,717,17.6,1528,,,
108,서울,2021-10-26,13,7.7,638,19,1441,,,
108,서울,2021-10-27,13.4,9.8,2349,18.1,1557,.75,0,0
108,서울,2021-10-28,12.7,7.1,709,20,1537,,,
108,서울,2021-10-29,14.6,10.5,511,20.6,1456,,,
108,서울,2021-10-30,13.8,11,704,18,1612,,,
108,서울,2021-10-31,14.1,9.2,652,20.3,1426,.58,.7,.7
108,서울,2021-11-01,12.9,10.3,717,16.9,1452,,,
108,서울,2021-11-02,11.5,7.9,541,16.9,1452,,,
108,서울,2021-11-03,12.1,7.6,709,17.1,1349,,,
108,서울,2021-11-04,12.1,8.4,718,16.3,1611,.25,,
108,서울,2021-11-05,13,7.8,711,20.2,1432,,,
108,서울,2021-11-06,14.1,8.8,617,21.3,1416,,,
108,서울,2021-11-07,15.3,9.7,709,21.3,1332,,,
108,서울,2021-11-08,8.6,4.5,2347,15.5,1,18.5,,
108,서울,2021-11-09,4.9,3,348,6.5,1630,11.08,,
108,서울,2021-11-10,4.2,.7,452,7.7,1526,4.58,,
108,서울,2021-11-11,5.3,2.1,530,9.7,1238,.17,,
108,서울,2021-11-12,4.5,1.3,729,8.6,1413,,,
108,서울,2021-11-13,7.3,.5,704,13.4,1336,,,
108,서울,2021-11-14,11.3,7.8,509,16.4,1332,,,
108,서울,2021-11-15,10.1,5.8,738,15.7,1432,,,
108,서울,2021-11-16,8.5,4.4,716,13.6,1358,,,
108,서울,2021-11-17,7.5,2.7,655,12.5,1248,,,
108,서울,2021-11-18,11.9,7.7,25,16.2,1410,2.08,,
108,서울,2021-11-19,12.9,10.2,2356,16.7,1425,,,
108,서울,2021-11-20,10.4,6.8,728,15.6,1446,,,
108,서울,2021-11-21,10.4,7.6,2358,13.1,1350,2.92,,
108,서울,2021-11-22,2.7,-.6,2342,7.5,1,2.92,,
108,서울,2021-11-23,-.6,-3.7,728,2.3,1519,,,
108,서울,2021-11-24,4.1,-2.6,248,9.1,1330,.17,,
108,서울,2021-11-25,5.7,2.6,2352,9.9,1356,,,
108,서울,2021-11-26,2.9,-.5,556,7.2,1214,.83,,
108,서울,2021-11-27,3.4,-1.4,730,10.1,1503,,,
108,서울,2021-11-28,5.1,-1.3,743,12.4,1415,,,
108,서울,2021-11-29,7.6,2.5,606,13.7,1541,,,
108,서울,2021-11-30,5.7,.7,2356,8.9,1334,13.75,,
108,서울,2021-12-01,-1.3,-3,2335,1.5,1541,,,
108,서울,2021-12-02,1.3,-4.6,724,5,2029,2.58,,
108,서울,2021-12-03,1.9,-1.8,2348,4.6,319,2,,
108,서울,2021-12-04,1.4,-2.7,420,7,1454,,,
108,서울,2021-12-05,2.9,-2.3,728,9.6,1423,,,
108,서울,2021-12-06,5.4,-.7,654,12.1,1421,,,
108,서울,2021-12-07,6.8,2.6,721,13.3,1512,,,
108,서울,2021-12-08,6.7,1.9,731,13.3,1456,,,
108,서울,2021-12-09,6.5,2.7,526,9.7,1440,,,
108,서울,2021-12-10,7,5.8,2139,8.2,1441,2.78,,
108,서울,2021-12-11,6,4.4,753,9.8,1338,,,
108,서울,2021-12-12,1.2,-3.8,2342,5.1,7,,,
108,서울,2021-12-13,-2.2,-5.9,640,1.9,1540,,,
108,서울,2021-12-14,3.7,-.7,1,8.2,1349,7.58,,
108,서울,2021-12-15,7.2,5.4,2358,10,1226,4.25,,
108,서울,2021-12-16,6.4,3.3,2355,9.8,1322,.38,,
108,서울,2021-12-17,-5.6,-10.1,2333,3.2,1,,,
108,서울,2021-12-18,-5.7,-11.2,801,-1.8,1402,4.33,,
108,서울,2021-12-19,-.8,-5.8,811,4.2,1544,1.17,,
108,서울,2021-12-20,5.2,-.9,1,11.1,1336,.33,,
108,서울,2021-12-21,5.2,.8,2358,8.9,1508,,,
108,서울,2021-12-22,2.2,-2.6,717,8.2,1512,,,
108,서울,2021-12-23,2.7,-1.5,716,8.3,1451,,,
108,서울,2021-12-24,-.3,-7.3,2400,3.2,1157,2.33,,
108,서울,2021-12-25,-11.7,-14.4,2258,-7.3,1,,,
108,서울,2021-12-26,-12.1,-15.5,817,-7.3,1526,,,
108,서울,2021-12-27,-7.6,-12.9,123,-3.9,1634,2.08,,
108,서울,2021-12-28,-4.1,-8.5,712,-.9,1600,,,
108,서울,2021-12-29,.4,-3.8,154,5.9,1518,1.58,,
108,서울,2021-12-30,-3.9,-6.8,714,.2,1531,.5,,
108,서울,2021-12-31,-6.7,-8.8,745,-3.9,1510,,,
108,서울,2022-01-01,-4.3,-10.2,710,2.3,1544,,,
108,서울,2022-01-02,-1.3,-5.2,2356,3,1551,4.17,,
108,서울,2022-01-03,-1.9,-8,714,2.5,1542,4,,
108,서울,2022-01-04,-2.5,-5.6,2400,1,1445,.92,,
108,서울,2022-01-05,-2.8,-7.8,634,1.9,1518,,,
108,서울,2022-01-06,-2.2,-5.9,745,3.3,1604,,,
108,서울,2022-01-07,-1.6,-5.9,634,4.5,1525,,,
108,서울,2022-01-08,.3,-5,729,3.7,1623,.17,,
108,서울,2022-01-09,1.3,-1.2,2353,5.6,1522,,,
108,서울,2022-01-10,.5,-3.4,735,4.4,1348,3.83,,
108,서울,2022-01-11,-7.4,-10.3,2326,.3,1,1.5,,
108,서울,2022-01-12,-7.7,-11.3,223,-3.4,1521,,,
108,서울,2022-01-13,-6.4,-8.9,2352,-3.1,1456,,,
108,서울,2022-01-14,-4.8,-10.1,750,1.3,1526,,,
108,서울,2022-01-15,-1,-5.3,426,1.8,1545,.92,,
108,서울,2022-01-16,-2,-7.2,2352,2.4,208,.42,,
108,서울,2022-01-17,-5.8,-9.2,518,.1,1317,4.92,,
108,서울,2022-01-18,-5.6,-9.9,744,-.7,1514,,,
108,서울,2022-01-19,-5.3,-7.7,2357,-2.7,1558,7.08,,
108,서울,2022-01-20,-5,-9.8,605,.9,1603,,,
108,서울,2022-01-21,-2.7,-8.7,755,4.6,1534,,,
108,서울,2022-01-22,.3,-5,734,7.1,1512,,,
108,서울,2022-01-23,2,-.6,549,6.7,1411,,,
108,서울,2022-01-24,4.6,1.3,1,8.4,1329,,,
108,서울,2022-01-25,2.8,1.9,822,4.5,1,11.75,,
108,서울,2022-01-26,1.3,-1.9,639,6.8,1429,,,
108,서울,2022-01-27,-1.1,-4.6,757,4,1541,,,
108,서울,2022-01-28,-2.7,-5.9,811,2.1,1516,,,
108,서울,2022-01-29,-3.6,-7.2,741,.9,1531,,,
108,서울,2022-01-30,-2.8,-8,713,2.4,1629,,,
108,서울,2022-01-31,-.7,-6.8,736,4.8,1507,2.75,,
108,서울,2022-02-01,-1.3,-2.7,2345,.9,1601,4.83,,
108,서울,2022-02-02,-3.4,-6,541,0,1529,,,
108,서울,2022-02-03,-3.4,-6.9,746,.4,1458,,,
108,서울,2022-02-04,-5.2,-8.2,2356,-.7,1404,.67,,
108,서울,2022-02-05,-6.6,-9.7,742,-2,1508,,,
108,서울,2022-02-06,-3.9,-8.4,500,1.7,1537,,,
108,서울,2022-02-07,-2.5,-7.3,510,1.9,1259,,,
108,서울,2022-02-08,-.1,-4.1,629,5.6,1555,,,
108,서울,2022-02-09,1,-4.3,757,7.2,1400,,,
108,서울,2022-02-10,1.4,-3.2,707,6.7,1544,,,
108,서울,2022-02-11,2.9,-2.6,740,8.8,1449,,,
108,서울,2022-02-12,4.8,-.1,727,10.4,1605,,,
108,서울,2022-02-13,4.8,1.6,330,9.5,1616,,,
108,서울,2022-02-14,2.5,-1.3,2352,8.1,1248,2.42,,
108,서울,2022-02-15,-4.7,-7.7,2321,-1.3,1,12.17,,
108,서울,2022-02-16,-7.3,-9.6,2400,-4.1,1526,.33,,
108,서울,2022-02-17,-6.2,-10.7,752,-.5,1554,,,
108,서울,2022-02-18,-1.2,-8,716,5.7,1531,,,
108,서울,2022-02-19,-1.7,-6.2,2345,3.7,1403,2.17,,
108,서울,2022-02-20,-4.8,-8.4,703,-.5,1548,,,
108,서울,2022-02-21,-3,-8.1,623,3.6,1415,2.58,,
108,서울,2022-02-22,-4.5,-8,2400,.5,1438,,,
108,서울,2022-02-23,-5.6,-10,721,-.6,1623,,,
108,서울,2022-02-24,-2.4,-8.5,508,3.7,1454,,,
108,서울,2022-02-25,3,-3.6,716,8.4,1537,,,
108,서울,2022-02-26,5.4,1,2355,9.3,1313,3.58,,
108,서울,2022-02-27,3.7,-1.6,730,9.1,1513,,,
108,서울,2022-02-28,6.8,2.7,48,11.5,1626,,,
108,서울,2022-03-01,5.8,.3,2355,9.7,1616,7.08,,
108,서울,2022-03-02,3.5,-2.3,611,8.8,1256,,,
108,서울,2022-03-03,5.8,.9,720,12.4,1413,,,
108,서울,2022-03-04,6.9,.6,652,14.6,1338,,,
108,서울,2022-03-05,2.3,-.7,2341,6.7,1600,,,
108,서울,2022-03-06,1.4,-3,629,6.8,1603,,,
108,서울,2022-03-07,2.8,-2.7,703,8.7,1505,,,
108,서울,2022-03-08,6,1.1,307,12.3,1455,,,
108,서울,2022-03-09,7.1,1.7,706,14.8,1520,,,
108,서울,2022-03-10,9.3,4.2,658,15.8,1534,,,
108,서울,2022-03-11,11.2,5.1,641,18.4,1544,,,
108,서울,2022-03-12,12.8,6.3,632,19.5,1408,3.33,,
108,서울,2022-03-13,11.7,10.7,111,12.6,1,12.42,,
108,서울,2022-03-14,8.2,4.9,2350,13.2,1205,5.58,,
108,서울,2022-03-15,7.2,2.3,702,13.3,1538,,,
108,서울,2022-03-16,10.3,3.6,703,16.8,1513,,,
108,서울,2022-03-17,10.7,7.8,2333,15.1,1413,5.5,,
108,서울,2022-03-18,7.5,5.5,2356,9.6,1246,4.17,,
108,서울,2022-03-19,3.4,.9,721,6.1,1557,11.58,,
108,서울,2022-03-20,5.4,2.2,2400,9.3,1556,3.58,,
108,서울,2022-03-21,5,-.3,640,10.9,1355,,,
108,서울,2022-03-22,7.1,1.1,637,13.6,1617,,,
108,서울,2022-03-23,6.2,4.9,616,8.2,1615,,,
108,서울,2022-03-24,8.2,3.9,453,12.4,1459,,,
108,서울,2022-03-25,12,6.3,559,17.2,1549,4.75,,
108,서울,2022-03-26,11.8,9.5,959,14.7,1735,11.08,,
108,서울,2022-03-27,8.1,5,2354,12.6,1432,,,
108,서울,2022-03-28,8.2,1.5,611,15.1,1600,,,
108,서울,2022-03-29,9.7,3.3,533,15.6,1545,,,
108,서울,2022-03-30,10.8,5.9,629,15.7,1209,3.25,,
108,서울,2022-03-31,10.9,7.6,2352,14.7,1421,,,
108,서울,2022-04-01,9.2,4.5,620,14.9,1347,,,
108,서울,2022-04-02,8.2,3.7,618,14.2,1444,,,
108,서울,2022-04-03,9.6,3.5,629,17,1527,,,
108,서울,2022-04-04,10.3,5.1,638,16.4,1328,,,
108,서울,2022-04-05,10.3,4.9,615,15.8,1409,,,
108,서울,2022-04-06,11.7,8,600,17,1431,,,
108,서울,2022-04-07,10.9,7.4,2359,15.7,1310,,,
108,서울,2022-04-08,12.9,5.1,612,20,1521,,,
108,서울,2022-04-09,17.8,12.4,751,24.2,1418,1.08,.4,.5
108,서울,2022-04-10,18.2,12.7,614,25.1,1501,,,
108,서울,2022-04-11,19.6,13.4,556,26.6,1529,,,
108,서울,2022-04-12,19.3,15.9,2358,26.4,1449,4,.3,.4
108,서울,2022-04-13,13.1,12,2135,15.9,1,5.5,.3,.8
108,서울,2022-04-14,13.2,11.4,2335,15.3,1411,,,
108,서울,2022-04-15,13.3,7.5,627,19.3,1602,,,
108,서울,2022-04-16,13.2,7.1,557,20.2,1513,,,
108,서울,2022-04-17,14,7.2,559,21.9,1418,,,
108,서울,2022-04-18,15.2,11.4,309,21.6,1427,,,
108,서울,2022-04-19,15.2,8.9,614,22.1,1357,,,
108,서울,2022-04-20,15.7,9.7,610,22.1,1357,,,
108,서울,2022-04-21,16.3,9.6,543,22.7,1343,,,
108,서울,2022-04-22,15,13.2,2349,16.8,929,,,
108,서울,2022-04-23,17.7,10.4,539,25.3,1555,,,
108,서울,2022-04-24,18.5,15,608,24.5,1418,4.75,.1,.2
108,서울,2022-04-25,20,17,1,23.6,1606,11.25,.1,.3
108,서울,2022-04-26,21.9,17,437,28.7,1451,4.83,.3,.8
108,서울,2022-04-27,17.7,12.6,528,23.9,1551,,,
108,서울,2022-04-28,18.2,11.6,603,25.9,1432,.25,0,0
108,서울,2022-04-29,13.4,10.7,619,16.5,1236,9.75,.9,4
108,서울,2022-04-30,13,10.5,143,17.8,1326,,,
108,서울,2022-05-01,13.4,7.9,514,19.2,1512,,,
108,서울,2022-05-02,14.2,9.1,538,19.4,1508,,,
108,서울,2022-05-03,14.8,9.1,606,20.8,1535,,,
108,서울,2022-05-04,17.8,10,620,25.2,1348,,,
108,서울,2022-05-05,18.9,12.5,557,25.8,1501,,,
108,서울,2022-05-06,19.6,13.7,530,25.6,1345,,,
108,서울,2022-05-07,18.4,15.3,754,23.1,1319,3.92,.2,.2
108,서울,2022-05-08,15.3,11.7,2344,18.2,1230,5.58,.4,1.1
108,서울,2022-05-09,17.9,11,613,25.3,1620,,,
108,서울,2022-05-10,19.9,13.6,547,26.3,1529,1.33,0,0
108,서울,2022-05-11,19.7,16.6,2353,25.2,1508,.92,0,0
108,서울,2022-05-12,20.9,14.1,607,28.1,1540,,,
108,서울,2022-05-13,19.4,15,2358,25.2,1355,,,
108,서울,2022-05-14,15.7,11.9,545,20,1342,,,
108,서울,2022-05-15,16.2,10.5,516,22.4,1509,,,
108,서울,2022-05-16,17.3,10.9,537,23.7,1352,,,
108,서울,2022-05-17,20,13,551,27.4,1527,,,
108,서울,2022-05-18,20,15.7,442,25.4,1404,2.33,.6,1.5
108,서울,2022-05-19,19.9,16.1,614,24.2,1406,,,
108,서울,2022-05-20,20.6,15.6,543,25.8,1322,,,
108,서울,2022-05-21,20.1,16.1,2349,26,1420,,,
108,서울,2022-05-22,20.3,15.7,315,25.8,1450,,,
108,서울,2022-05-23,23,17.8,108,30.7,1513,,,
108,서울,2022-05-24,22.9,16.7,528,30.2,1450,,,
108,서울,2022-05-25,21,16.7,2400,26.7,1211,4.92,1.4,2.9
108,서울,2022-05-26,18.7,14.1,540,23.5,1513,.75,0,0
108,서울,2022-05-27,20,16,601,25.6,1552,.17,0,0
108,서울,2022-05-28,22.3,15,439,29.3,1426,,,
108,서울,2022-05-29,23.1,19.3,446,29.7,1648,,,
108,서울,2022-05-30,20.8,17.2,2335,24.7,1237,1.08,0,0
108,서울,2022-05-31,20.7,14.2,525,27.2,1428,,,
108,서울,2022-06-01,22.1,16.2,547,28.6,1415,,,
108,서울,2022-06-02,21.5,17.1,150,26.9,1324,,,
108,서울,2022-06-03,24.5,18.7,23,32.6,1506,,,
108,서울,2022-06-04,25.6,20.3,546,29.7,1724,,,
108,서울,2022-06-05,22.7,20.2,2132,27,1142,1.58,0,0
108,서울,2022-06-06,19.7,16.7,2323,24.5,1517,8,1.2,1.7
108,서울,2022-06-07,20.6,15.1,550,25.1,1236,.67,0,0
108,서울,2022-06-08,21.2,16.2,541,25.8,1449,,,
108,서울,2022-06-09,20.9,18.5,517,24.5,1620,4.33,1.3,2.5
108,서울,2022-06-10,20.9,17.2,534,26.6,1128,2.67,.7,1.2
108,서울,2022-06-11,24.6,17.7,527,32.7,1629,,,
108,서울,2022-06-12,24.6,18.9,525,31.5,1520,,,
108,서울,2022-06-13,23.6,19.6,513,29.2,1234,3.83,6.7,15.9
108,서울,2022-06-14,21.5,17.7,2357,27.1,1245,1.67,0,0
108,서울,2022-06-15,17.5,14.9,603,20.1,1921,17.58,1.6,5.8
108,서울,2022-06-16,20.3,17.6,619,24.8,1737,4.33,.3,.3
108,서울,2022-06-17,22.5,16.5,533,28.1,1413,,,
108,서울,2022-06-18,23.3,22,538,25.1,1722,.25,0,0
108,서울,2022-06-19,23.4,22.3,303,25.1,1719,,,
108,서울,2022-06-20,25.2,22,543,29,1611,,,
108,서울,2022-06-21,26.5,21.2,553,32.6,1539,,,
108,서울,2022-06-22,25.9,21.9,344,31,1542,,,
108,서울,2022-06-23,24.3,23.3,2216,26.4,1130,13.5,8.9,34.4
108,서울,2022-06-24,22.6,20.6,617,24.9,1805,6.83,5.5,14.4
108,서울,2022-06-25,26,21.5,221,30.5,1512,,,
108,서울,2022-06-26,26.5,24.8,234,28.1,1500,,,
108,서울,2022-06-27,26.8,25.4,454,28.1,1107,14.25,1.2,1.6
108,서울,2022-06-28,26.9,25.7,2337,27.9,1001,14.08,3.1,3.2
108,서울,2022-06-29,25.1,24.4,2134,26.1,1733,20.75,6.9,10.6
108,서울,2022-06-30,22.3,21.2,1739,24.5,1,22.83,10.9,24
108,서울,2022-07-01,26.6,21.9,1,30.9,1536,,,
108,서울,2022-07-02,28.8,24,521,33.8,1601,,,
108,서울,2022-07-03,29.3,24.4,612,34.2,1522,,,
108,서울,2022-07-04,29.3,26.4,524,32.6,1621,.83,0,0
108,서울,2022-07-05,29.2,26.7,459,33.1,1545,1.42,0,0
108,서울,2022-07-06,29.5,26.2,502,33.3,1645,2.5,9.6,15.6
108,서울,2022-07-07,28.2,26.4,439,31,1608,3.67,0,0
108,서울,2022-07-08,25.8,24,2357,27.9,1647,6.25,1.7,1.7
108,서울,2022-07-09,26.9,24,1,30.9,1416,6,.1,.1
108,서울,2022-07-10,29.2,24.6,529,35.1,1547,.42,0,0
108,서울,2022-07-11,27,24.7,316,30.6,1226,2.5,4.9,7.7
108,서울,2022-07-12,26.8,23.2,508,29.4,1402,,,
108,서울,2022-07-13,25,24,1253,27.1,1,19.98,8.1,30.3
108,서울,2022-07-14,25.7,23.3,405,29.9,1533,5.92,.2,.5
108,서울,2022-07-15,26,23,440,30.3,1544,,,
108,서울,2022-07-16,24.8,23.2,2354,28.2,1323,4.08,14.1,33.8
108,서울,2022-07-17,25.5,22.5,406,29.7,1518,1.5,0,0
108,서울,2022-07-18,26.8,23.1,530,30.1,1258,,,
108,서울,2022-07-19,27.4,24.3,532,31.1,1549,,,
108,서울,2022-07-20,27.1,24.3,2400,30.4,1435,3.83,.6,.8
108,서울,2022-07-21,23.2,20.8,622,25.2,1840,10.83,1.7,3.4
108,서울,2022-07-22,25.1,22.9,507,27.5,1718,1.75,4,5.2
108,서울,2022-07-23,24.8,22.3,2320,28,1344,8.58,1.8,4.2
108,서울,2022-07-24,25,22,118,28.4,1627,3.67,.6,1.6
108,서울,2022-07-25,27.5,23.6,546,32,1616,,,
108,서울,2022-07-26,28.9,24.4,530,33.1,1428,,,
108,서울,2022-07-27,29.3,26.4,547,33.4,1509,,,
108,서울,2022-07-28,29.7,25.1,545,34.4,1509,,,
108,서울,2022-07-29,30.7,27.3,511,34.3,1419,,,
108,서울,2022-07-30,30.9,27.3,532,36.1,1440,2.33,1,1
108,서울,2022-07-31,27.2,25.4,2327,29,1,15.75,8.1,18
108,서울,2022-08-01,28.6,25.4,4,32.4,1420,14.83,5.1,13.3
108,서울,2022-08-02,26.8,25.5,2257,28.5,1,18.58,3.3,7.6
108,서울,2022-08-03,27.1,25.2,457,30,1600,13.25,6.6,17.9
108,서울,2022-08-04,28.9,26,549,32.9,1532,.42,0,0
108,서울,2022-08-05,29.4,27,111,32.7,1430,.5,0,0
108,서울,2022-08-06,28.7,27.4,454,30.3,1718,1.67,9.5,11.4
108,서울,2022-08-07,28.9,27.2,354,31.7,1421,3.33,.9,.9
108,서울,2022-08-08,26.8,,,28.4,1,20.92,14.9,38.1
108,서울,2022-08-09,25.1,22,2354,26.5,1538,21.5,17.7,27.1
108,서울,2022-08-10,24.7,21.4,455,28.8,1503,6.5,2.2,10
108,서울,2022-08-11,25,23.4,528,27.5,1502,10.67,6.9,25.6
108,서울,2022-08-12,27,23,614,32.4,1557,,,
108,서울,2022-08-13,25.8,24.7,1305,27.5,1743,4.67,.7,2
108,서울,2022-08-14,27.6,24.5,553,31.5,1414,1.5,2.9,3
108,서울,2022-08-15,28.1,26.6,2357,29.8,1233,4.42,.6,.7
108,서울,2022-08-16,26.7,24.1,652,30,1531,.75,0,0
108,서울,2022-08-17,26,22.8,618,30.5,1338,.75,0,0
108,서울,2022-08-18,25.6,22.4,556,29.8,1408,,,
108,서울,2022-08-19,26,23.3,355,27.5,1527,10.33,14.2,47.1
108,서울,2022-08-20,28.2,25.7,628,32,1437,1.83,0,.2
108,서울,2022-08-21,28.1,24.7,634,32,1549,,,
108,서울,2022-08-22,26.8,22.9,2302,30.2,1356,2,1,2.7
108,서울,2022-08-23,25.4,22.4,513,30.2,1533,6.17,.3,1
108,서울,2022-08-24,24.8,22.4,500,27.9,1145,,,
108,서울,2022-08-25,22.2,21.1,2322,24,1054,7.08,.3,.8
108,서울,2022-08-26,23.8,19.9,626,28.4,1512,,,
108,서울,2022-08-27,21.5,17.6,638,25.5,1541,.58,14.8,17.6
108,서울,2022-08-28,22.6,16.1,538,28.4,1644,,,
108,서울,2022-08-29,21,19.5,940,22.5,1,11.58,.4,.6
108,서울,2022-08-30,19.1,17.9,527,20.3,1,21.42,.9,4.2
108,서울,2022-08-31,21.7,19.6,32,24.9,1703,4.17,0,0
108,서울,2022-09-01,24,18.3,614,30.4,1553,,,
108,서울,2022-09-02,24.7,20.3,648,29.8,1540,,,
108,서울,2022-09-03,24.2,20.5,630,29.2,1456,,,
108,서울,2022-09-04,22.3,19.8,632,24,1905,13.67,3.8,9.7
108,서울,2022-09-05,19.2,17.7,2103,22.7,1,24,2.9,12.8
108,서울,2022-09-06,21,17,254,26.3,1601,8.92,1.8,8.9
108,서울,2022-09-07,22.8,17.9,701,28.1,1511,,,
108,서울,2022-09-08,23.2,16.7,635,29.5,1555,,,
108,서울,2022-09-09,24.3,18.9,620,30.8,1526,,,
108,서울,2022-09-10,23.6,19,646,28.4,1636,,,
108,서울,2022-09-11,23.3,20.6,638,26.4,1331,1.83,.1,.1
108,서울,2022-09-12,23.8,20.3,558,27.5,1541,,,
108,서울,2022-09-13,24.3,21.8,626,26.4,1341,4.83,0,0
108,서울,2022-09-14,24.6,22.7,2334,27.9,1410,1.17,0,0
108,서울,2022-09-15,25.2,22,504,28.3,1539,.42,.1,.1
108,서울,2022-09-16,25.7,23.4,605,29.9,1326,5.5,7.2,8.6
108,서울,2022-09-17,25.6,23.3,537,29.4,1619,1.92,2,4.3
108,서울,2022-09-18,27.1,23,616,32.5,1551,,,
108,서울,2022-09-19,24.6,19.5,2359,29.6,1306,,,
108,서울,2022-09-20,19.9,16.1,631,24.6,1506,,,
108,서울,2022-09-21,19.4,13,626,25.6,1449,,,
108,서울,2022-09-22,19.8,14.2,635,24.7,1454,,,
108,서울,2022-09-23,17.5,14.7,2354,22.2,1026,.67,3.3,3.3
108,서울,2022-09-24,18.5,12.3,645,24.2,1503,,,
108,서울,2022-09-25,19.6,15.4,553,25.2,1450,,,
108,서울,2022-09-26,20,14.8,642,25.4,1456,,,
108,서울,2022-09-27,20.9,14,642,28,1535,,,
108,서울,2022-09-28,20.4,16.1,630,26.1,1617,,,
108,서울,2022-09-29,20.4,16.4,612,26.5,1612,,,
108,서울,2022-09-30,20.7,14.8,705,27.7,1522,,,
108,서울,2022-10-01,20.9,14.4,641,27.6,1357,,,
108,서울,2022-10-02,19.4,17.2,2232,21.6,1321,15.08,1.7,6.1
108,서울,2022-10-03,21.4,17.5,1,23.4,2004,22.58,7.4,14.7
108,서울,2022-10-04,17.9,14.2,2329,23,1,7.08,2.1,7
108,서울,2022-10-05,16.6,14.1,34,21.6,1519,3.58,.1,.1
108,서울,2022-10-06,15.8,12.7,640,19.1,1419,2.25,0,0
108,서울,2022-10-07,14.3,11,651,18.6,1522,,,
108,서울,2022-10-08,15.8,11.1,654,21.6,1508,,,
108,서울,2022-10-09,13.1,10.7,2221,14.5,117,13.67,3,4.2
108,서울,2022-10-10,9.9,8.2,2034,11.9,1408,4.58,0,0
108,서울,2022-10-11,11.1,7.4,250,16.4,1531,,,
108,서울,2022-10-12,13.5,6.5,645,20.6,1513,,,
108,서울,2022-10-13,16.3,10.7,639,22.7,1435,,,
108,서울,2022-10-14,17.1,12.4,529,23,1454,,,
108,서울,2022-10-15,18.2,12.6,653,24.4,1505,,,
108,서울,2022-10-16,16.9,15.1,2400,20.5,1202,,,
108,서울,2022-10-17,11.2,7.4,2344,15.1,1,,,
108,서울,2022-10-18,9.4,5,657,14.2,1451,,,
108,서울,2022-10-19,10.5,4.4,654,16.8,1510,,,
108,서울,2022-10-20,12.9,6,711,19.7,1500,,,
108,서울,2022-10-21,14,8.8,707,20.9,1431,,,
108,서울,2022-10-22,15.1,10.5,724,20.8,1412,,,
108,서울,2022-10-23,14,10.4,2356,18.6,1459,,,
108,서울,2022-10-24,10.6,7.5,2356,14.8,1521,,,
108,서울,2022-10-25,11.3,5.9,531,17.6,1535,,,
108,서울,2022-10-26,12.9,8,653,17.8,1350,,,
108,서울,2022-10-27,13.2,8.6,701,18.9,1414,,,
108,서울,2022-10-28,13.6,8.2,636,20.6,1525,,,
108,서울,2022-10-29,14.8,10.2,709,21.3,1507,,,
108,서울,2022-10-30,14.9,10.4,702,21.3,1503,,,
108,서울,2022-10-31,14.9,11.2,710,21.1,1406,,,
108,서울,2022-11-01,13.1,9.4,2355,17.8,1511,,,
108,서울,2022-11-02,11.1,5.5,715,17.9,1431,,,
108,서울,2022-11-03,9.3,5.6,2356,13.4,1242,1.75,,
108,서울,2022-11-04,4.9,1.6,709,9.8,1440,,,
108,서울,2022-11-05,6.5,.8,721,13.6,1522,,,
108,서울,2022-11-06,9.6,3.7,730,16.4,1359,,,
108,서울,2022-11-07,11.4,6.1,546,16.6,1432,.17,,
108,서울,2022-11-08,12.9,9.7,739,17.9,1414,,,
108,서울,2022-11-09,11.4,6.7,718,16,1404,,,
108,서울,2022-11-10,13.5,8.8,641,19.1,1408,,,
108,서울,2022-11-11,15.6,10.9,434,22.1,1538,,,
108,서울,2022-11-12,16.3,11.6,501,22,1318,7.5,,
108,서울,2022-11-13,10.3,8.7,2357,17.3,1,,,
108,서울,2022-11-14,9.7,5.9,2356,13.8,1305,,,
108,서울,2022-11-15,8.1,4,658,12.3,1341,2.25,,
108,서울,2022-11-16,8.5,5.5,703,13,1431,,,
108,서울,2022-11-17,10.2,5.4,722,16.6,1436,,,
108,서울,2022-11-18,11,5.3,749,18.1,1502,,,
108,서울,2022-11-19,12.9,8.7,111,19.2,1507,,,
108,서울,2022-11-20,13.7,9.5,725,20.2,1332,,,
108,서울,2022-11-21,11.8,9.3,711,16.2,1132,,,
108,서울,2022-11-22,10.7,7,651,13.7,1414,2.17,,
108,서울,2022-11-23,10.8,6.8,2343,15.2,1322,1.5,,
108,서울,2022-11-24,9.4,5.9,235,14.1,1519,,,
108,서울,2022-11-25,12.3,7.1,253,17.8,1501,1.32,,
108,서울,2022-11-26,6.7,1,2341,12.9,1,,,
108,서울,2022-11-27,5.4,-1.1,530,11.5,1521,,,
108,서울,2022-11-28,12.3,7.5,1,15,1311,11.58,,
108,서울,2022-11-29,6.9,-1.6,2352,15,1,7.58,,
108,서울,2022-11-30,-5.4,-8.1,2328,-1.6,1,,,
108,서울,2022-12-01,-5.4,-9.4,752,-1.2,1542,,,
108,서울,2022-12-02,-2.5,-7.6,759,3,1446,,,
108,서울,2022-12-03,2.1,-.3,1,7,1431,7.33,,
108,서울,2022-12-04,-3.5,-5.2,2400,-.2,1,,,
108,서울,2022-12-05,-3.1,-7,755,1.9,1458,,,
108,서울,2022-12-06,.9,-3.9,243,5.3,1400,4.75,,
108,서울,2022-12-07,4.9,1.2,805,9,1520,3.33,,
108,서울,2022-12-08,3.7,.1,742,9.1,1251,,,
108,서울,2022-12-09,4.5,.9,345,10.2,1345,.58,,
108,서울,2022-12-10,2.6,-.6,758,6.7,1306,,,
108,서울,2022-12-11,1.6,-1.5,645,6.8,1412,,,
108,서울,2022-12-12,2,-2,345,6.3,1408,5.08,,
108,서울,2022-12-13,0,-6.4,2356,3.1,233,6.17,,
108,서울,2022-12-14,-8.4,-11,742,-4.9,1451,,,
108,서울,2022-12-15,-4.5,-8.5,1,-1.3,1752,6.67,,
108,서울,2022-12-16,-6.3,-9.6,635,-2.2,1303,,,
108,서울,2022-12-17,-7,-9.8,2322,-3.2,1245,2.33,,
108,서울,2022-12-18,-9.5,-12.4,740,-5.6,1440,,,
108,서울,2022-12-19,-7,-12,357,-2.5,1426,,,
108,서울,2022-12-20,-3.2,-9.5,717,2.9,1440,,,
108,서울,2022-12-21,-.1,-2.6,2347,2.6,1559,9.17,,
108,서울,2022-12-22,-7.8,-11.3,2355,-2.6,1,,,
108,서울,2022-12-23,-11.8,-13.7,619,-8.6,1514,,,
108,서울,2022-12-24,-8.4,-13.5,743,-2,1619,,,
108,서울,2022-12-25,-5.4,-9.6,611,.2,1532,,,
108,서울,2022-12-26,-3.9,-7.9,730,1.7,1532,,,
108,서울,2022-12-27,-2.6,-7.3,720,3.3,1515,,,
108,서울,2022-12-28,-3.3,-6,2355,.1,1453,3,,
108,서울,2022-12-29,-2.9,-7.8,728,2.1,1522,4.33,,
108,서울,2022-12-30,-1.8,-4.4,2355,2.3,1354,2.58,,
108,서울,2022-12-31,-1.2,-5.1,125,2.1,1530,1.42,,
108,서울,2023-01-01,-.2,-4.3,2350,3.8,1343,,,
108,서울,2023-01-02,-4.5,-7.4,804,-.4,1525,,,
108,서울,2023-01-03,-5,-9,551,.6,1555,,,
108,서울,2023-01-04,-1.8,-5.7,229,3.3,1510,,,
108,서울,2023-01-05,-1.6,-5.6,749,3.6,1536,,,
108,서울,2023-01-06,.6,-4.7,816,5.7,1414,4.78,,
108,서울,2023-01-07,1.5,-1.4,2354,3.8,1336,1.42,,
108,서울,2023-01-08,1.3,-3.7,800,6.3,1522,,,
108,서울,2023-01-09,3.1,-1.3,2400,7,1238,,,
108,서울,2023-01-10,1.6,-3.9,724,9.1,1530,,,
108,서울,2023-01-11,2.6,-2,802,9.2,1410,,,
108,서울,2023-01-12,5.9,-.6,645,12.5,1600,.92,,
108,서울,2023-01-13,8.3,5.1,225,10.1,1628,23.08,,
108,서울,2023-01-14,6.6,3.8,2328,8.4,1,16.33,,
108,서울,2023-01-15,-.2,-3.5,2338,3.8,1,23.17,,
108,서울,2023-01-16,-4.6,-6.8,849,-1.2,1432,8.5,,
108,서울,2023-01-17,-3.7,-7,311,-.4,1402,2.92,,
108,서울,2023-01-18,-1.9,-4.6,815,2.2,1452,1.5,,
108,서울,2023-01-19,-.4,-6,601,4.3,1419,4,,
108,서울,2023-01-20,-3.3,-7.7,2353,2,222,,,
108,서울,2023-01-21,-4.5,-10.5,713,1.5,1522,,,
108,서울,2023-01-22,-.6,-2.8,117,2.6,1533,2,,
108,서울,2023-01-23,-.8,-6.9,2354,4.6,1345,,,
108,서울,2023-01-24,-14.7,-17,2354,-6.9,1,.92,,
108,서울,2023-01-25,-11.3,-17.3,144,-5.4,1620,.17,,
108,서울,2023-01-26,-6,-9,502,-3.5,1559,14.92,,
108,서울,2023-01-27,-7.3,-9.6,2333,-3.8,1548,,,
108,서울,2023-01-28,-6,-11.2,813,-.6,1554,.17,,
108,서울,2023-01-29,-1.8,-8,607,4.9,1426,,,
108,서울,2023-01-30,-.9,-4.4,449,4.2,1515,,,
108,서울,2023-01-31,2.4,-3.5,402,7.8,1530,,,
108,서울,2023-02-01,.9,-3,2400,6,1,,,
108,서울,2023-02-02,-2.4,-5.1,719,1.4,1606,,,
108,서울,2023-02-03,-1.6,-3.9,118,3.4,1540,,,
108,서울,2023-02-04,-.2,-5.2,535,6,1528,,,
108,서울,2023-02-05,1.7,-3.3,726,7.1,1338,,,
108,서울,2023-02-06,3,-1.7,716,8.8,1458,,,
108,서울,2023-02-07,3.5,-.6,727,9.5,1546,,,
108,서울,2023-02-08,2.1,-1.3,645,7.8,1505,,,
108,서울,2023-02-09,4,-2.8,509,9.9,1537,.67,,
108,서울,2023-02-10,3.8,1.1,2356,6.2,1610,9.92,,
108,서울,2023-02-11,2.8,-1.2,703,8.5,1417,,,
108,서울,2023-02-12,3.7,-.9,624,7.6,1351,,,
108,서울,2023-02-13,5.9,2.7,2351,8.4,1219,,,
108,서울,2023-02-14,1.7,-2.5,730,6.6,1521,,,
108,서울,2023-02-15,3.2,-1.2,706,8.9,1558,,,
108,서울,2023-02-16,2.3,-.7,2353,4.5,1459,,,
108,서울,2023-02-17,3.4,-1.5,543,9.8,1542,,,
108,서울,2023-02-18,5.7,3,6,8.1,1529,,,
108,서울,2023-02-19,3.5,.2,2341,6.1,1457,2.92,,
108,서울,2023-02-20,-.5,-3.5,2357,2.4,1419,,,
108,서울,2023-02-21,-1.3,-5.3,759,4.8,1618,,,
108,서울,2023-02-22,1.2,-4.5,712,8.4,1452,,,
108,서울,2023-02-23,2.9,-1.8,629,9.2,1531,,,
108,서울,2023-02-24,3.5,-.4,2400,8.5,1501,,,
108,서울,2023-02-25,.7,-2.9,727,5.7,1527,,,
108,서울,2023-02-26,2.2,-3.4,729,9.4,1534,,,
108,서울,2023-02-27,4.4,-1.8,646,12.4,1501,,,
108,서울,2023-02-28,4.3,-.7,719,8.7,1553,,,
108,서울,2023-03-01,6,2.9,2355,9,1525,,,
108,서울,2023-03-02,2.2,-1.8,736,6.6,1541,,,
108,서울,2023-03-03,4.6,-1.9,708,10.4,1445,,,
108,서울,2023-03-04,7.7,3.7,800,14.1,1513,,,
108,서울,2023-03-05,8,2.5,702,15.4,1415,,,
108,서울,2023-03-06,9.2,2.2,701,16.5,1455,,,
108,서울,2023-03-07,11.7,6.3,645,19.4,1443,,,
108,서울,2023-03-08,12.5,7.4,559,17.7,1237,1.08,,
108,서울,2023-03-09,10.3,7.4,2316,13.1,1,4.83,,
108,서울,2023-03-10,13.5,6.2,456,22.2,1528,,,
108,서울,2023-03-11,15.2,10.2,659,22.8,1428,,,
108,서울,2023-03-12,5.9,.6,2355,12.6,1,6.33,,
108,서울,2023-03-13,2.9,-1.9,651,7.6,1444,,,
108,서울,2023-03-14,9.2,3.3,331,15.4,1533,,,
108,서울,2023-03-15,8.6,3.5,2400,14.4,1215,,,
108,서울,2023-03-16,4.6,.4,509,9,1349,,,
108,서울,2023-03-17,7.2,.7,652,12.7,1543,,,
108,서울,2023-03-18,7.7,2.5,629,14,1532,,,
108,서울,2023-03-19,8.3,2.3,707,15.2,1539,,,
108,서울,2023-03-20,9.5,2.6,704,17.1,1443,,,
108,서울,2023-03-21,13,5,646,22.2,1627,,,
108,서울,2023-03-22,17,9.2,532,25.1,1425,,,
108,서울,2023-03-23,17.4,12.3,2358,23.3,1537,2.92,,
108,서울,2023-03-24,12.5,7.6,633,18.3,1517,,,
108,서울,2023-03-25,12.5,8,635,18.7,1511,,,
108,서울,2023-03-26,9.4,4.7,2356,14,1507,,,
108,서울,2023-03-27,7.3,1.9,615,14.5,1503,,,
108,서울,2023-03-28,9.2,2.8,624,15.7,1527,,,
108,서울,2023-03-29,11.8,5.1,549,19.7,1508,,,
108,서울,2023-03-30,13.3,6.4,644,21.2,1604,,,
108,서울,2023-03-31,15,7.5,655,23.9,1537,,,
108,서울,2023-04-01,17.5,9.4,646,25.6,1525,,,
108,서울,2023-04-02,18.8,11.9,617,25.2,1505,,,
108,서울,2023-04-03,19,11.3,636,25.9,1608,,,
108,서울,2023-04-04,17.6,12.7,2352,21.7,1402,5.08,.9,3.1
108,서울,2023-04-05,11.9,8.7,2218,14.9,1301,22.5,2.4,9
108,서울,2023-04-06,8.8,7.4,2355,9.7,1312,19.17,.4,1.5
108,서울,2023-04-07,8.9,4.6,2339,15.7,1404,,,
108,서울,2023-04-08,8.8,3.1,518,14.9,1515,,,
108,서울,2023-04-09,10.8,3.5,624,17.8,1431,,,
108,서울,2023-04-10,13.2,6.2,526,19.1,1402,,,
108,서울,2023-04-11,13.1,9.2,2356,17.4,928,6.92,2.2,2.6
108,서울,2023-04-12,10.1,4.8,624,15.3,1520,,,
108,서울,2023-04-13,11.9,5.1,611,17.2,1512,.25,0,0
108,서울,2023-04-14,16.2,11.9,30,21.3,1515,,,
108,서울,2023-04-15,13.5,9.3,2359,16.6,1537,3,1.8,3.6
108,서울,2023-04-16,10.8,7.5,529,16.1,1621,.48,0,0
108,서울,2023-04-17,13.1,6.8,541,18.1,1551,,,
108,서울,2023-04-18,14,10.7,803,18.4,1726,8.42,.2,.6
108,서울,2023-04-19,19.1,11.5,552,28.4,1628,,,
108,서울,2023-04-20,15.8,14.5,2256,18.9,1,9.17,.2,.5
108,서울,2023-04-21,16.7,11.4,621,22.8,1506,,,
108,서울,2023-04-22,16.9,12.2,559,22.5,1529,,,
108,서울,2023-04-23,16.1,10.7,557,22.1,1347,,,
108,서울,2023-04-24,15.8,11.5,2349,21.3,1431,,,
108,서울,2023-04-25,10.9,9,2244,13.2,1007,13.25,.2,.4
108,서울,2023-04-26,10.2,7.4,2350,13.5,1508,.58,0,0
108,서울,2023-04-27,12.9,5.1,610,20,1526,,,
108,서울,2023-04-28,15.7,9,613,21.3,1444,2.83,.6,1.7
108,서울,2023-04-29,13.2,9.9,2144,15.8,755,13.83,1.6,4.9
108,서울,2023-04-30,12.7,7.9,430,17.9,1507,2.92,.1,.1
108,서울,2023-05-01,14.6,9.8,558,20.8,1623,,,
108,서울,2023-05-02,16.7,9.1,523,23.7,1552,,,
108,서울,2023-05-03,19.5,12.4,626,26.2,1509,,,
108,서울,2023-05-04,21.4,15.6,547,25.8,1435,,,
108,서울,2023-05-05,18.4,15.5,2358,21.6,1,22.67,3.7,9.3
108,서울,2023-05-06,12.6,11.7,838,15.5,1,16.42,2.4,9.3
108,서울,2023-05-07,14.4,11.1,2327,18.6,1635,,,
108,서울,2023-05-08,15.3,7.9,547,22,1340,,,
108,서울,2023-05-09,17,10,550,24.4,1500,,,
108,서울,2023-05-10,18.4,10.7,551,26,1546,,,
108,서울,2023-05-11,19.5,12.8,545,26.7,1423,,,
108,서울,2023-05-12,18.4,13.1,551,24.7,1426,,,
108,서울,2023-05-13,17.8,12.6,608,23.9,1417,.17,0,0
108,서울,2023-05-14,18.1,12.9,520,23.8,1400,,,
108,서울,2023-05-15,20.6,12.8,520,27.9,1546,,,
108,서울,2023-05-16,24,17.2,515,31.2,1436,,,
108,서울,2023-05-17,23.5,18.6,442,28.7,1310,,,
108,서울,2023-05-18,21.2,18.8,2358,27.6,1326,.83,.7,1.3
108,서울,2023-05-19,22.3,16.7,531,27.8,1409,,,
108,서울,2023-05-20,21.2,16.6,2313,26.7,1200,,,
108,서울,2023-05-21,17.8,15.3,603,21.9,1608,5.58,.2,.2
108,서울,2023-05-22,20.3,15.9,412,26.8,1622,.33,0,0
108,서울,2023-05-23,20.5,14.1,534,26.9,1650,,,
108,서울,2023-05-24,20.6,14.8,535,25.9,1329,,,
108,서울,2023-05-25,21.2,15.7,534,27.4,1403,.17,0,0
108,서울,2023-05-26,21.4,15.8,544,27.3,1522,2,.4,.5
108,서울,2023-05-27,19.3,18.6,431,20.7,851,15.5,2,5.8
108,서울,2023-05-28,19.2,18.4,649,20.2,1315,24,1.6,4.9
108,서울,2023-05-29,23.2,19,1,28.5,1646,7.5,.4,1.4
108,서울,2023-05-30,24,20.5,543,28.9,1454,,,
108,서울,2023-05-31,22.8,18.8,506,28.2,1625,,,
108,서울,2023-06-01,22.8,19.7,528,26.3,1707,,,
108,서울,2023-06-02,20.4,17.9,601,25,1648,.17,0,0
108,서울,2023-06-03,22,16.6,607,27.8,1423,,,
108,서울,2023-06-04,22.1,16.9,537,28,1627,,,
108,서울,2023-06-05,21.5,17.6,532,26.3,1532,,,
108,서울,2023-06-06,20.3,17.3,537,25.2,1335,.92,0,0
108,서울,2023-06-07,21.4,18.9,332,25.7,1723,1.17,0,0
108,서울,2023-06-08,20.4,18.3,2339,23.9,1613,5.33,.7,1.5
108,서울,2023-06-09,23.3,18.3,524,28.4,1646,3.42,.5,.6
108,서울,2023-06-10,23.2,19.6,2332,28.5,1248,1.83,.6,1.7
108,서울,2023-06-11,22.1,17.9,422,27.3,1710,5.42,9.5,16.1
108,서울,2023-06-12,22.2,18.4,610,27.5,1353,1.92,0,0
108,서울,2023-06-13,22,19.2,556,26,1313,.5,0,0
108,서울,2023-06-14,20.6,17.5,508,25,1258,2.25,12.7,30.6
108,서울,2023-06-15,22.7,17.7,545,28.3,1516,,,
108,서울,2023-06-16,23.7,19.1,501,28.9,1535,,,
108,서울,2023-06-17,24.2,18.9,540,30.2,1515,,,
108,서울,2023-06-18,25.9,20.8,518,32.6,1636,,,
108,서울,2023-06-19,28.5,23.3,353,34,1455,,,
108,서울,2023-06-20,24.7,21.4,2356,26.4,1040,6.83,2.3,6.4
108,서울,2023-06-21,20.5,19.2,344,22.1,1522,14.67,3.3,8.4
108,서울,2023-06-22,22.5,18.9,524,26.4,1529,.25,0,0
108,서울,2023-06-23,24.4,20,309,29.9,1650,,,
108,서울,2023-06-24,26.4,21.9,514,31.1,1540,,,
108,서울,2023-06-25,28.2,22.8,545,33.1,1529,,,
108,서울,2023-06-26,24.2,22.3,606,27.5,1,13.25,4.2,11.1
108,서울,2023-06-27,25.3,21.4,525,29.1,1657,2.5,1,2.5
108,서울,2023-06-28,26.5,24.2,447,30.1,1453,.5,0,0
108,서울,2023-06-29,24.2,23.2,2343,25.9,7,17.83,11.2,33.8
108,서울,2023-06-30,25.3,23.2,1,29.1,1603,11.92,.2,.4
108,서울,2023-07-01,27.7,23.3,321,32.9,1459,,,
108,서울,2023-07-02,26.7,23.5,543,30.6,1617,,,
108,서울,2023-07-03,29.1,24.1,524,34.9,1616,,,
108,서울,2023-07-04,26.1,24.5,2004,29.2,1239,10.5,11.1,28.5
108,서울,2023-07-05,24.5,22.1,648,27.1,1308,6.08,6.9,13.8
108,서울,2023-07-06,27.3,22.4,545,31.8,1435,,,
108,서울,2023-07-07,26.7,23.3,2345,31.4,1447,,,
108,서울,2023-07-08,25.6,22.4,346,29.7,1541,,,
108,서울,2023-07-09,24.7,21.6,1208,27,849,7.17,18.1,24.6
108,서울,2023-07-10,26.3,22.9,626,30.9,1518,.67,10.8,11.5
108,서울,2023-07-11,23.5,21.6,1733,25.9,807,11.83,6.1,15.4
108,서울,2023-07-12,25.8,22,1,29.1,1552,5.17,.4,.5
108,서울,2023-07-13,25.2,24.7,1215,26.5,943,20.67,11.9,35
108,서울,2023-07-14,24.6,23.9,206,25.1,1026,24,5.5,20.3
108,서울,2023-07-15,24.5,23.7,2358,25.7,1211,14.25,.4,.6
108,서울,2023-07-16,24.6,23.7,1,25.4,1745,2.92,9.3,9.6
108,서울,2023-07-17,25.5,23.7,446,27.8,1437,3.75,.8,1.5
108,서울,2023-07-18,25.2,24.1,527,27.7,1721,12.67,.5,.8
108,서울,2023-07-19,27.2,22.5,527,32.4,1629,,,
108,서울,2023-07-20,27.9,24,549,32.8,1547,,,
108,서울,2023-07-21,29.5,24.6,554,34.3,1628,,,
108,서울,2023-07-22,27.7,24.6,2142,32.5,1227,7.08,6.2,10.1
108,서울,2023-07-23,25.2,24.5,752,25.8,1515,19,2.1,9.1
108,서울,2023-07-24,26.9,24.6,521,30,1527,2.08,.3,.4
108,서울,2023-07-25,27.8,25.8,428,30.5,1432,1.75,5.2,5.5
108,서울,2023-07-26,27.6,24.9,606,31.1,1539,2.67,.8,1
108,서울,2023-07-27,28.4,24.4,539,32.2,1300,.25,0,0
108,서울,2023-07-28,29.5,25.4,536,34.1,1416,,,
108,서울,2023-07-29,29.1,26.1,442,33.3,1527,,,
108,서울,2023-07-30,28.8,24.9,550,34.9,1555,3.17,6.1,20
108,서울,2023-07-31,28.7,25.6,3,33.4,1440,.67,.3,.3
108,서울,2023-08-01,29.9,25.5,536,34.2,1646,,,
108,서울,2023-08-02,29.7,26.8,519,33.7,1436,,,
108,서울,2023-08-03,29.5,25.8,615,33.8,1446,,,
108,서울,2023-08-04,30,26.5,520,34.4,1634,,,
108,서울,2023-08-05,30.3,26.4,611,34.9,1548,,,
108,서울,2023-08-06,29.8,27,1606,33,1403,1.58,3.7,4.9
108,서울,2023-08-07,30.4,27.3,540,34.6,1546,,,
108,서울,2023-08-08,30.9,26.4,553,35.8,1600,,,
108,서울,2023-08-09,28.3,25.1,2358,31.6,1102,1.58,.2,.2
108,서울,2023-08-10,22.2,20.9,1954,25.1,1,24,3.7,13.6
108,서울,2023-08-11,23.5,21.6,1,24.9,1703,21.5,3.4,13.6
108,서울,2023-08-12,23.3,22.5,2247,24.1,1,14.42,.5,1.2
108,서울,2023-08-13,27,22.6,1,31.1,1745,,,
108,서울,2023-08-14,28.1,24.8,602,31.9,1425,,,
108,서울,2023-08-15,28.6,24.7,612,32.7,1503,,,
108,서울,2023-08-16,27.3,24.7,540,31.6,1352,.92,.3,.3
108,서울,2023-08-17,28.2,24.5,615,32.4,1349,,,
108,서울,2023-08-18,29.1,25.5,547,33.3,1413,.67,.1,.1
108,서울,2023-08-19,29.1,26.4,620,33.6,1528,,,
108,서울,2023-08-20,28.3,25.5,459,31.8,1348,1.83,0,0
108,서울,2023-08-21,29.5,26,614,33.6,1402,1.17,0,0
108,서울,2023-08-22,27.6,25.8,2220,32.2,1356,7.75,21.5,29
108,서울,2023-08-23,24.8,23.2,2400,27.2,932,17.58,9.7,15.6
108,서울,2023-08-24,25.1,22.3,434,27.8,1419,4.33,1.2,4.3
108,서울,2023-08-25,26.5,24,555,30,1618,.17,0,0
108,서울,2023-08-26,26.4,23.3,636,30.3,1545,,,
108,서울,2023-08-27,26.1,22.7,505,29.6,1613,5.67,0,0
108,서울,2023-08-28,22.7,20.8,853,25.6,1,20.67,.7,2.9
108,서울,2023-08-29,23.9,22.5,2034,25.5,1029,16.92,7,27.2
108,서울,2023-08-30,22.8,21.5,2353,24.5,1230,10.42,1.4,2.3
108,서울,2023-08-31,23.9,21,547,28.9,1534,,,
108,서울,2023-09-01,24.5,19.7,610,29.6,1543,,,
108,서울,2023-09-02,25.4,19.7,639,30.8,1536,,,
108,서울,2023-09-03,25.8,23.1,749,28.8,1414,2.75,.1,.1
108,서울,2023-09-04,27,24.3,625,30.2,1607,2.5,.1,.2
108,서울,2023-09-05,28.5,25,707,32.8,1440,.17,0,0
108,서울,2023-09-06,27.9,24,635,32.1,1550,,,
108,서울,2023-09-07,26.3,20.9,643,31.6,1501,,,
108,서울,2023-09-08,25.3,19.6,622,30.5,1432,,,
108,서울,2023-09-09,25.8,20.8,627,31.2,1555,,,
108,서울,2023-09-10,25.7,22,616,29.6,1445,,,
108,서울,2023-09-11,25.5,23.1,617,29.8,1533,,,
108,서울,2023-09-12,25.7,21.7,642,29.8,1419,,,
108,서울,2023-09-13,22.1,19.6,2112,24.6,1,15.75,.8,2.9
108,서울,2023-09-14,23.4,19.2,610,27.2,1148,,,
108,서울,2023-09-15,22.3,20.3,709,24.3,1544,12.17,.4,.9
108,서울,2023-09-16,23.9,22,233,26.6,1442,9.75,8.1,28
108,서울,2023-09-17,24.7,22,416,28,1524,2.08,1.8,11.4
108,서울,2023-09-18,24.7,22.1,616,28.9,1238,,,
108,서울,2023-09-19,24.1,21.6,555,27.2,1317,,,
108,서울,2023-09-20,20.6,18.8,2351,23.9,1,18.83,2.4,9.6
108,서울,2023-09-21,20.1,17.5,2349,23.6,1442,.83,0,0
108,서울,2023-09-22,20.5,15.2,626,26.7,1511,,,
108,서울,2023-09-23,21.8,16.3,643,27.6,1418,,,
108,서울,2023-09-24,21.8,17.9,635,26.2,1440,,,
108,서울,2023-09-25,21.6,17.9,450,26,1327,8.08,.3,1
108,서울,2023-09-26,19.9,18.6,510,20.8,1355,24,1.8,6.1
108,서울,2023-09-27,21.5,20,632,23.7,1433,11.75,.4,1.4
108,서울,2023-09-28,22.7,19.6,634,27.3,1422,,,
108,서울,2023-09-29,21.1,17.4,634,26.9,1444,,,
108,서울,2023-09-30,19.7,17.1,2359,22.2,1659,6.83,2.9,4.2
108,서울,2023-10-01,18.4,14.4,652,23.7,1511,,,
108,서울,2023-10-02,18.2,12.9,657,24.6,1538,,,
108,서울,2023-10-03,17.5,14.4,250,22.5,1521,,,
108,서울,2023-10-04,17.3,14.2,647,23.2,1257,2.83,2.8,11.7
108,서울,2023-10-05,14.2,9.9,640,19.2,1556,,,
108,서울,2023-10-06,15.5,9.6,641,21.5,1447,,,
108,서울,2023-10-07,16.8,11.7,630,21.2,1543,,,
108,서울,2023-10-08,17.1,15.2,531,19.5,1555,2.08,0,0
108,서울,2023-10-09,17.4,14.1,2359,22.4,1526,4.92,.7,.7
108,서울,2023-10-10,17.1,11.9,617,23.5,1523,,,
108,서울,2023-10-11,17.6,12.9,719,24,1529,,,
108,서울,2023-10-12,17.5,12,642,24.1,1325,,,
108,서울,2023-10-13,17.5,14.3,613,21.5,1236,,,
108,서울,2023-10-14,14.7,12.9,2356,18.2,1537,6.25,1,2.2
108,서울,2023-10-15,16.1,10.9,636,21.2,1533,,,
108,서울,2023-10-16,14.7,10.7,2354,19.6,1403,,,
108,서울,2023-10-17,13.8,7.5,652,20.9,1533,,,
108,서울,2023-10-18,15.7,9.2,706,21.6,1457,,,
108,서울,2023-10-19,17,14.9,2354,18.9,1450,4.5,4.1,7.5
108,서울,2023-10-20,11.6,7.2,2352,15.1,1357,,,
108,서울,2023-10-21,10.4,5.9,409,16.6,1446,1.17,.7,1.1
108,서울,2023-10-22,12.5,5.4,712,18.7,1451,,,
108,서울,2023-10-23,15.2,11.1,701,21.4,1437,,,
108,서울,2023-10-24,15.6,11.2,557,19.3,1156,,,
108,서울,2023-10-25,16.6,12.7,709,21.9,1436,,,
108,서울,2023-10-26,17.2,14.6,2337,21.1,1346,2.75,0,0
108,서울,2023-10-27,15.7,12.6,2357,20.2,1457,,,
108,서울,2023-10-28,14.2,9.4,717,20.7,1417,,,
108,서울,2023-10-29,14.9,9.8,656,21.8,1407,,,
108,서울,2023-10-30,15.1,9.7,657,21.9,1442,,,
108,서울,2023-10-31,16.5,12.7,204,20.8,1427,,,
108,서울,2023-11-01,19,17.2,452,20.6,1504,.83,,
108,서울,2023-11-02,20.8,18.7,2305,25.9,1442,,,
108,서울,2023-11-03,19.5,17.7,2341,22.4,1225,2.75,,
108,서울,2023-11-04,17.4,14.1,724,20.9,1459,,,
108,서울,2023-11-05,17.3,15.1,738,20.4,1917,13.17,,
108,서울,2023-11-06,13.3,6.6,2333,19.3,352,20.25,,
108,서울,2023-11-07,5.8,3.6,810,9.9,1504,.25,,
108,서울,2023-11-08,8.4,1.8,709,16.1,1503,,,
108,서울,2023-11-09,11.4,5.9,642,18.4,1445,2.08,,
108,서울,2023-11-10,3.4,.5,2356,9.1,1,,,
108,서울,2023-11-11,1.7,-1.9,709,6.7,1517,,,
108,서울,2023-11-12,1.2,-2,730,5.7,1515,,,
108,서울,2023-11-13,2,-2.2,708,6.7,1446,,,
108,서울,2023-11-14,5,-.8,732,10.8,1520,,,
108,서울,2023-11-15,7,2,706,12.5,1326,,,
108,서울,2023-11-16,6.6,5.7,2342,7.4,1525,11.25,,
108,서울,2023-11-17,1.6,-1.9,2359,5.9,45,1.92,,
108,서울,2023-11-18,.6,-3.8,720,5.7,1505,,,
108,서울,2023-11-19,5.9,-.3,154,13.4,1424,,,
108,서울,2023-11-20,6.2,1.8,710,12.8,1511,,,
108,서울,2023-11-21,7.4,1.4,714,14.8,1521,,,
108,서울,2023-11-22,9.5,2.9,704,15.1,1458,,,
108,서울,2023-11-23,9.9,1.9,2358,14.6,1349,2.75,,
108,서울,2023-11-24,-1.5,-4.4,2356,2.2,1353,,,
108,서울,2023-11-25,-1.3,-5.9,723,4,1440,,,
108,서울,2023-11-26,4,-.1,32,7.2,1449,1.67,,
108,서울,2023-11-27,6.2,4.4,419,9.3,1553,12.83,,
108,서울,2023-11-28,1.3,-1.2,2354,5.2,1,0,,
108,서울,2023-11-29,-1.4,-4,2354,3,1422,0,,
108,서울,2023-11-30,-4.3,-7.3,721,-.5,1444,,,
108,서울,2023-12-01,-3.2,-6.8,646,.7,1544,,,
108,서울,2023-12-02,2,-4.4,327,8,1516,1.47,,
108,서울,2023-12-03,.8,-2.8,700,6,1430,,,
108,서울,2023-12-04,2.7,-3,750,9.4,1532,,,
108,서울,2023-12-05,6.8,3.8,1,12.6,1518,,,
108,서울,2023-12-06,6.1,3.9,358,8.7,1848,2.33,,
108,서울,2023-12-07,6.6,.8,709,11.4,1408,,,
108,서울,2023-12-08,11.2,5.1,333,16.8,1434,,,
108,서울,2023-12-09,13.7,11.7,2346,16.2,1413,,,
108,서울,2023-12-10,11.4,6.7,801,15.5,1448,.08,,
108,서울,2023-12-11,8.9,5,2314,12.3,4,24,,
108,서울,2023-12-12,5.4,3.5,2334,9.3,1536,4.75,,
108,서울,2023-12-13,6.8,2.6,419,10.3,1459,,,
108,서울,2023-12-14,7.6,6.2,2315,9.1,127,17.17,,
108,서울,2023-12-15,4.9,3.7,2359,6.2,1,21,,
108,서울,2023-12-16,-4.1,-9.9,2400,3.8,1,13.08,,
108,서울,2023-12-17,-9.8,-12.4,758,-6.4,1452,,,
108,서울,2023-12-18,-7.7,-12.2,511,-3.6,1358,,,
108,서울,2023-12-19,-3.7,-8.2,548,.2,1402,10.08,,
108,서울,2023-12-20,-7.4,-11.9,2359,-2.1,1,2.5,,
108,서울,2023-12-21,-11.7,-14.4,705,-8,1515,,,
108,서울,2023-12-22,-11.6,-14.7,732,-8,1425,,,
108,서울,2023-12-23,-6.8,-12.7,511,-.9,1547,,,
108,서울,2023-12-24,-2.2,-5.6,622,3,1440,7.42,,
108,서울,2023-12-25,-.7,-2.7,2315,2.1,1604,11.33,,
108,서울,2023-12-26,1.9,-2.6,1,7.2,1452,,,
108,서울,2023-12-27,1.5,-2.8,813,6.8,1549,,,
108,서울,2023-12-28,1.2,-1.7,620,4.4,1453,,,
108,서울,2023-12-29,1.3,-1.5,725,4.6,1438,,,
108,서울,2023-12-30,.6,-.9,237,2.1,2354,16.67,,
108,서울,2023-12-31,2.1,.6,2343,4.3,1550,9.83,,
108,서울,2024-01-01,3.3,-.3,402,7.3,1255,2.92,,
108,서울,2024-01-02,2.9,2.2,622,4.3,1409,1.58,,
108,서울,2024-01-03,1.8,-1.1,2350,4,1320,6.25,,
108,서울,2024-01-04,1.4,-3.3,715,4.7,1556,,,
108,서울,2024-01-05,5,1.4,2356,9.1,1439,.42,,
108,서울,2024-01-06,.7,-2.7,819,5.2,1444,3.08,,
108,서울,2024-01-07,-4.4,-8.3,2312,-.9,1,,,
108,서울,2024-01-08,-4.7,-10.3,619,0,1441,,,
108,서울,2024-01-09,-.6,-1.9,1,.4,2239,13.17,,
108,서울,2024-01-10,-1,-4.1,632,3.3,1542,,,
108,서울,2024-01-11,1.7,-2.4,618,4.5,1607,,,
108,서울,2024-01-12,.9,-1.4,2351,4.2,1546,,,
108,서울,2024-01-13,.4,-3.8,800,6.4,1519,,,
108,서울,2024-01-14,-.6,-3.3,2400,2.4,1613,3.67,,
108,서울,2024-01-15,-3.7,-6.9,735,.9,1547,,,
108,서울,2024-01-16,-2.1,-7.2,814,4.3,1516,,,
108,서울,2024-01-17,.6,-2.3,103,1.9,2140,13.17,,
108,서울,2024-01-18,4.5,1.4,751,9.4,1606,2.58,,
108,서울,2024-01-19,5.4,4,2051,9,1436,,,
108,서울,2024-01-20,3.4,1.9,1914,4.9,1306,11.17,,
108,서울,2024-01-21,1.7,-2.4,2352,4.3,1206,8.58,,
108,서울,2024-01-22,-8.7,-11.9,2349,-2.4,1,8.83,,
108,서울,2024-01-23,-11.7,-14,729,-8.2,1525,,,
108,서울,2024-01-24,-8,-11.2,36,-3.7,1600,,,
108,서울,2024-01-25,-5.3,-9.7,640,-.5,1532,,,
108,서울,2024-01-26,-1.7,-6.9,725,4,1544,,,
108,서울,2024-01-27,-.5,-4.6,801,4.6,1503,,,
108,서울,2024-01-28,-1.5,-5,753,3.8,1524,,,
108,서울,2024-01-29,-.4,-4.8,718,4.6,1440,,,
108,서울,2024-01-30,1.4,-4,738,8.1,1559,,,
108,서울,2024-01-31,4.7,.7,1,10.6,1447,,,
108,서울,2024-02-01,2.4,-1.3,717,8.2,1543,,,
108,서울,2024-02-02,3.1,.7,2355,7.9,1352,,,
108,서울,2024-02-03,4.7,-.2,208,8.3,1430,1.83,,
108,서울,2024-02-04,7.3,3.7,704,12.2,1411,,,
108,서울,2024-02-05,2.7,.1,2113,6.6,1,21,,
108,서울,2024-02-06,1.2,0,135,2.9,1224,7.83,,
108,서울,2024-02-07,.6,-.9,700,2.7,1435,3.25,,
108,서울,2024-02-08,.6,-3,716,6.2,1532,,,
108,서울,2024-02-09,1.1,-2.5,731,6.1,1428,,,
108,서울,2024-02-10,1.7,-1.5,542,7.4,1437,,,
108,서울,2024-02-11,1,-3.1,738,5.5,1356,1.5,,
108,서울,2024-02-12,3.5,-2.9,713,10.5,1601,,,
108,서울,2024-02-13,8.2,2,615,13.7,1441,,,
108,서울,2024-02-14,12.9,8.8,1,18.3,1448,,,
108,서울,2024-02-15,4.5,.6,2357,11.6,1,13.33,,
108,서울,2024-02-16,2.3,-1.5,643,8.1,1540,,,
108,서울,2024-02-17,4.4,-1.2,745,11.7,1525,,,
108,서울,2024-02-18,6.2,1.2,717,9.4,2357,10.08,,
108,서울,2024-02-19,9.1,4.2,2348,11.9,1028,19.5,,
108,서울,2024-02-20,4.3,2.8,506,6.8,1432,10.08,,
108,서울,2024-02-21,1.9,0,2349,4,101,24,,
108,서울,2024-02-22,.2,-1.1,653,1.6,1325,17.17,,
108,서울,2024-02-23,1.8,-1,702,6.1,1458,3.83,,
108,서울,2024-02-24,2,-1.3,657,5.9,1418,6.75,,
108,서울,2024-02-25,2.8,.8,602,5.9,1549,10.42,,
108,서울,2024-02-26,3.8,-1.2,656,9.7,1414,,,
108,서울,2024-02-27,5.3,1.2,607,9.8,1510,,,
108,서울,2024-02-28,6.4,3.2,712,10.1,1509,,,
108,서울,2024-02-29,4.8,.3,2400,9.6,1539,,,
108,서울,2024-03-01,-4.1,-7.1,2355,.3,1,,,
108,서울,2024-03-02,-.5,-8.1,253,4.1,2356,2,,
108,서울,2024-03-03,4,.4,724,7.8,1335,,,
108,서울,2024-03-04,5.4,-1.8,714,11.7,1508,,,
108,서울,2024-03-05,8,5.5,2357,11,1310,,,
108,서울,2024-03-06,6.2,2.5,640,10.3,1613,,,
108,서울,2024-03-07,3.9,1.2,2357,8.2,1258,3.83,,
108,서울,2024-03-08,2.1,-.7,458,6.5,1338,,,
108,서울,2024-03-09,2,-2.1,726,7.1,1546,,,
108,서울,2024-03-10,4.2,-1.8,654,10.6,1455,,,
108,서울,2024-03-11,6.2,2,609,10.8,1711,,,
108,서울,2024-03-12,6.6,4.4,2344,10,1541,5.88,,
108,서울,2024-03-13,6.5,1.3,711,12,1347,,,
108,서울,2024-03-14,8.5,3.4,652,15.4,1442,,,
108,서울,2024-03-15,8.9,4,645,14.5,1533,,,
108,서울,2024-03-16,10.9,4.4,626,18.3,1515,,,
108,서울,2024-03-17,8.8,5.4,2253,12.2,1451,.75,,
108,서울,2024-03-18,7.1,1.4,711,13.2,1356,,,
108,서울,2024-03-19,6.7,3.9,2400,9.8,1318,1.5,,
108,서울,2024-03-20,4.4,1.2,643,8.7,1521,,,
108,서울,2024-03-21,5,-1.2,636,11.5,1429,,,
108,서울,2024-03-22,10.4,3.8,31,15.2,1622,7.25,,
108,서울,2024-03-23,13,9.3,718,18.2,1618,2.75,,
108,서울,2024-03-24,16.2,10.5,237,23.4,1626,,,
108,서울,2024-03-25,10.6,6.7,2332,14.5,1,11.08,,
108,서울,2024-03-26,7.4,3.2,800,12.4,1540,10.42,,
108,서울,2024-03-27,10.4,4.4,634,16.2,1522,,,
108,서울,2024-03-28,10.3,7.8,2353,12.2,1629,10.83,,
108,서울,2024-03-29,7.6,5,2352,12.3,1611,4.75,,
108,서울,2024-03-30,8.8,3,559,15.6,1510,,,
108,서울,2024-03-31,10.6,3.4,610,17.7,1544,,,
108,서울,2024-04-01,12.2,5.5,613,19,1502,,,
108,서울,2024-04-02,15.4,7,549,23.9,1422,,,
108,서울,2024-04-03,16.6,13.9,113,19.7,1348,.25,0,0
108,서울,2024-04-04,15.5,12.4,621,20.3,1313,,,
108,서울,2024-04-05,14,10.2,2354,18.8,1437,,,
108,서울,2024-04-06,12.7,8,607,18.9,1440,,,
108,서울,2024-04-07,14.8,7.7,618,23.4,1551,,,
108,서울,2024-04-08,16.2,11,604,22.8,1432,,,
108,서울,2024-04-09,15.3,10.6,703,20.8,1601,,,
108,서울,2024-04-10,13.8,10.2,607,18.5,1418,,,
108,서울,2024-04-11,15.5,11.7,422,21.1,1543,.83,0,0
108,서울,2024-04-12,17.2,12,324,24.2,1606,,,
108,서울,2024-04-13,19.1,11.2,606,27.3,1547,,,
108,서울,2024-04-14,20.8,13.6,606,29.4,1442,,,
108,서울,2024-04-15,16,11.7,2110,20,731,12.17,3,8
108,서울,2024-04-16,13.3,11.5,228,17.9,1610,6.08,.4,1.2
108,서울,2024-04-17,15,9.7,556,21.8,1507,,,
108,서울,2024-04-18,17.3,10.7,547,24.9,1454,,,
108,서울,2024-04-19,17.6,11.5,637,24.3,1518,,,
108,서울,2024-04-20,14.9,13,2129,17.2,950,14,.4,1.2
108,서울,2024-04-21,17.2,13.3,1,21.7,1220,,,
108,서울,2024-04-22,18.8,15,523,24.1,1702,,,
108,서울,2024-04-23,17.3,13.2,603,24.2,1356,3.33,0,0
108,서울,2024-04-24,13.2,11,2330,16.5,1351,7,.9,4.3
108,서울,2024-04-25,14.4,10.3,602,20.8,1621,,,
108,서울,2024-04-26,17.8,11.4,603,26,1543,,,
108,서울,2024-04-27,18.2,11.5,601,26.2,1525,,,
108,서울,2024-04-28,20.7,13,558,28.9,1559,,,
108,서울,2024-04-29,20.9,16.9,553,26.1,1456,,,
108,서울,2024-04-30,18.6,16,2354,22.5,1417,,,
108,서울,2024-05-01,18.5,13.9,535,24,1552,,,
108,서울,2024-05-02,18.1,12.4,546,23.7,1457,,,
108,서울,2024-05-03,19.7,12.2,559,27.9,1618,,,
108,서울,2024-05-04,21.4,14.6,602,28.5,1402,.17,0,0
108,서울,2024-05-05,17.8,15.7,2351,20.6,1,20.08,3.9,8.1
108,서울,2024-05-06,13.9,13.4,1811,15.7,1,20.17,1.1,4.1
108,서울,2024-05-07,13.3,12.2,2357,15,1552,16.17,.3,1.2
108,서울,2024-05-08,14.7,9,554,21.4,1609,,,
108,서울,2024-05-09,16.1,10.9,517,21.8,1557,,,
108,서울,2024-05-10,17.9,12.5,534,23.8,1441,,,
108,서울,2024-05-11,17,14,2259,22,1227,9,1.8,7.7
108,서울,2024-05-12,16.6,11.9,556,21.6,1518,,,
108,서울,2024-05-13,18.3,11.9,603,24.5,1444,,,
108,서울,2024-05-14,18.8,12.7,559,24.7,1419,,,
108,서울,2024-05-15,12.6,7.2,2129,18.8,1002,10.5,.9,3.9
108,서울,2024-05-16,13.7,6.9,600,19.8,1613,1.75,.1,.3
108,서울,2024-05-17,18.3,10.8,535,24.9,1435,,,
108,서울,2024-05-18,20.7,16,551,26.5,1459,,,
108,서울,2024-05-19,21.5,15.9,534,27.9,1513,,,
108,서울,2024-05-20,19.4,16.8,2347,22.8,1251,,,
108,서울,2024-05-21,21.7,16.3,553,28.3,1654,,,
108,서울,2024-05-22,20.5,16.4,533,25.5,1453,,,
108,서울,2024-05-23,20.2,15.8,607,26.4,1554,,,
108,서울,2024-05-24,20.1,15.7,145,24.7,1726,,,
108,서울,2024-05-25,21.4,18.7,125,24.7,1248,,,
108,서울,2024-05-26,19.9,17,2342,23.7,1110,8.33,1.1,3
108,서울,2024-05-27,18.5,14.1,603,22.6,1504,,,
108,서울,2024-05-28,20.4,14.3,534,26.1,1704,,,
108,서울,2024-05-29,21.2,15.4,547,26.8,1502,,,
108,서울,2024-05-30,20.7,16.2,546,24.6,1544,,,
108,서울,2024-05-31,20.4,16.9,603,25.4,1507,1.75,1,1
108,서울,2024-06-01,20.7,17.5,529,25.2,1520,.67,0,0
108,서울,2024-06-02,20.4,15.7,551,25.8,1551,,,
108,서울,2024-06-03,22.2,15.7,520,28.7,1603,,,
108,서울,2024-06-04,22.8,16.3,527,29.3,1607,,,
108,서울,2024-06-05,23.6,18.1,517,30.1,1403,,,
108,서울,2024-06-06,24.1,19.3,602,31.4,1611,,,
108,서울,2024-06-07,23.1,18.3,544,28,1538,4.17,.6,.8
108,서울,2024-06-08,20.3,17.9,448,25,1730,11.5,3.5,12.4
108,서울,2024-06-09,22.9,17.4,555,28.8,1456,,,
108,서울,2024-06-10,24.7,19,531,31.1,1509,,,
108,서울,2024-06-11,25.4,21.7,2359,31.6,1542,,,
108,서울,2024-06-12,24.8,19.2,517,31.8,1423,,,
108,서울,2024-06-13,26.4,20,504,32.8,1544,,,
108,서울,2024-06-14,26.3,21.4,532,33,1425,,,
108,서울,2024-06-15,24.2,21.8,445,28.2,1629,6,3,5.1
108,서울,2024-06-16,24.3,19.9,535,29.5,1448,,,
108,서울,2024-06-17,24.8,18.9,527,30.2,1448,,,
108,서울,2024-06-18,26,20.4,544,32.9,1509,,,
108,서울,2024-06-19,28.8,21.4,509,35.8,1623,,,
108,서울,2024-06-20,29.4,23.4,518,35.4,1348,,,
108,서울,2024-06-21,28.1,22.9,513,33.9,1304,,,
108,서울,2024-06-22,24.2,22.6,1248,26.1,833,13.67,1.1,4.7
108,서울,2024-06-23,25.1,22.5,333,30.1,1402,8.42,3,3
108,서울,2024-06-24,24.3,21.2,2353,27.9,1308,.33,0,0
108,서울,2024-06-25,22.9,19.1,559,27.2,1431,,,
108,서울,2024-06-26,24.9,18.9,608,31.6,1640,,,
108,서울,2024-06-27,26.3,20.6,537,31.6,1300,,,
108,서울,2024-06-28,26.6,21.3,536,32.5,1449,,,
108,서울,2024-06-29,26.7,21.6,529,32.3,1408,5.42,6.1,20.7
108,서울,2024-06-30,23.5,22,947,24.9,1640,7.08,9.6,15.9
108,서울,2024-07-01,26.3,22,506,31.3,1537,,,
108,서울,2024-07-02,23.2,21.9,1214,25.2,1,17.25,5.6,24
108,서울,2024-07-03,24.7,23.6,735,25.9,1152,3.67,.3,1.2
108,서울,2024-07-04,26.8,23.2,620,30.6,1459,3.13,3,3.6
108,서울,2024-07-05,23.4,21.3,510,26.1,1655,6.92,2.6,3.3
108,서울,2024-07-06,25.1,22.1,542,30,1420,5.92,1.2,2
108,서울,2024-07-07,24.4,21.5,514,28.2,1327,5.17,9.4,26.8
108,서울,2024-07-08,23.8,23.1,2032,24.5,1535,17.83,3.9,7.1
108,서울,2024-07-09,24.5,22.7,513,26.7,1317,6.17,.1,.2
108,서울,2024-07-10,26.6,22.7,517,31.1,1326,3.92,.7,1.4
108,서울,2024-07-11,25.7,23.3,2354,28.9,1531,,,
108,서울,2024-07-12,25.6,21.8,550,30.2,1619,,,
108,서울,2024-07-13,28.1,23.5,550,33.3,1544,.5,0,0
108,서울,2024-07-14,28.4,24.9,654,32.1,1654,.47,.4,.4
108,서울,2024-07-15,28.4,24.5,524,31.3,1633,.17,0,0
108,서울,2024-07-16,27,24.6,2346,30.7,1227,9.93,5.3,7.3
108,서울,2024-07-17,25.4,24.1,355,28.1,1345,18.58,16.5,63.3
108,서울,2024-07-18,24.3,23.1,813,25.6,1,17.92,9.3,20.2
108,서울,2024-07-19,27,24.2,440,30.8,1454,3.83,.1,.1
108,서울,2024-07-20,27.2,25.1,443,30.6,1547,4.42,10.7,13.8
108,서울,2024-07-21,26.5,22.5,451,29.8,1808,8.47,2.3,4.2
108,서울,2024-07-22,26.6,24.3,1104,27.9,1,10.33,24.2,32.2
108,서울,2024-07-23,26.4,25.8,454,27.3,1517,6.33,.8,1
108,서울,2024-07-24,28.1,26,546,30.9,1355,6.25,10.2,12.4
108,서울,2024-07-25,28.8,25.4,2356,32.2,1551,2.67,9.8,15.1
108,서울,2024-07-26,28.7,25.2,137,32.7,1537,3,2.8,5
108,서울,2024-07-27,28.9,27.5,546,31.7,1244,4.92,10.9,15.1
108,서울,2024-07-28,29.2,27.3,445,32.2,1427,.33,0,0
108,서울,2024-07-29,27.4,26.8,2356,27.8,1,5.5,0,0
108,서울,2024-07-30,28.6,26.3,459,31.9,1441,,,
108,서울,2024-07-31,29.4,27,321,33.3,1540,,,
108,서울,2024-08-01,29.9,27.3,442,33.2,1520,1.42,.3,.3
108,서울,2024-08-02,29.6,28.2,549,32.5,1608,,,
108,서울,2024-08-03,30.2,27.2,425,34.2,1528,,,
108,서울,2024-08-04,31.8,27.3,542,36.2,1448,,,
108,서울,2024-08-05,30,26.9,2358,33.7,1522,3.53,.5,.8
108,서울,2024-08-06,29.5,25.6,539,33.5,1546,.75,0,0
108,서울,2024-08-07,29.6,27.2,536,33.4,1602,1.33,3.2,3.4
108,서울,2024-08-08,28.5,26.9,2353,31.6,1708,1.83,0,0
108,서울,2024-08-09,29.3,25.6,442,33.6,1420,,,
108,서울,2024-08-10,30,26.4,530,33.6,1335,,,
108,서울,2024-08-11,30.8,27.8,558,34.4,1521,,,
108,서울,2024-08-12,31.1,28.2,608,34.1,1512,,,
108,서울,2024-08-13,31.3,28.1,520,36.4,1501,2.08,0,0
108,서울,2024-08-14,30,27.3,2002,34.9,1438,1.75,2.7,3
108,서울,2024-08-15,29.2,26.7,546,34.6,1541,3.25,4.9,6.1
108,서울,2024-08-16,29.8,26.8,418,34.3,1340,.25,0,0
108,서울,2024-08-17,29.8,27.2,559,34,1514,1.5,7.4,11
108,서울,2024-08-18,29.5,27,525,33.9,1253,1.08,0,0
108,서울,2024-08-19,29.7,26.3,607,35.3,1355,.92,2.2,2.3
108,서울,2024-08-20,31.4,27,331,35.4,1519,.25,0,0
108,서울,2024-08-21,28.4,26.9,653,30.8,1,12.75,6.3,14.7
108,서울,2024-08-22,28.6,27.1,2211,30.3,1251,4.42,.5,.5
108,서울,2024-08-23,28.4,26.4,550,31.8,1418,.5,0,0
108,서울,2024-08-24,27.6,25.1,612,30.9,1628,3.42,.8,1.5
108,서울,2024-08-25,28.5,24.9,612,32.7,1558,,,
108,서울,2024-08-26,28.1,25.6,554,30.6,1509,.25,0,0
108,서울,2024-08-27,26.5,24.6,953,30.3,1638,5.58,.2,.3
108,서울,2024-08-28,28.2,23,559,33.2,1623,,,
108,서울,2024-08-29,28.4,23.4,624,33.5,1416,,,
108,서울,2024-08-30,28,23.7,604,32.9,1415,,,
108,서울,2024-08-31,27.6,22.6,639,33,1553,,,
108,서울,2024-09-01,27.1,24.6,557,31.6,1458,,,
108,서울,2024-09-02,24.5,22.2,709,26.9,1701,5.42,1,2
108,서울,2024-09-03,27,23.2,625,32,1453,,,
108,서울,2024-09-04,27.9,23.2,557,33.3,1559,,,
108,서울,2024-09-05,26.3,25.6,1903,28.8,1030,4.42,2.6,4.7
108,서울,2024-09-06,24,23.3,1211,25.7,1,9.75,.3,.3
108,서울,2024-09-07,26.5,22.8,621,31.3,1432,.42,0,0
108,서울,2024-09-08,27.2,22.6,635,32.8,1528,,,
108,서울,2024-09-09,28.5,24.1,420,34.1,1445,,,
108,서울,2024-09-10,29.4,25.6,600,33.9,1535,,,
108,서울,2024-09-11,29,25.4,618,34.6,1240,2.25,.2,.4
108,서울,2024-09-12,25.4,24.8,2121,27.1,1,18.83,2.6,7.8
108,서울,2024-09-13,25.9,24.2,413,28,1243,18.67,1.1,2.6
108,서울,2024-09-14,28,25.2,657,32.2,1630,.33,0,0
108,서울,2024-09-15,27.5,24.2,2346,32.4,1520,,,
108,서울,2024-09-16,26.8,21.3,738,32.2,1453,3,3.6,8
108,서울,2024-09-17,28.6,25.8,556,33.2,1507,,,
108,서울,2024-09-18,29.4,26.5,434,33.6,1445,.5,.6,.7
108,서울,2024-09-19,29.1,25.6,632,32.6,1515,,,
108,서울,2024-09-20,25,17.9,2345,28.6,1,15.33,5.2,15.8
108,서울,2024-09-21,19.3,17.1,749,21.9,1528,8.83,4.9,10.4
108,서울,2024-09-22,21,16.9,523,26.7,1520,,,
108,서울,2024-09-23,20.8,16.6,603,26.1,1544,,,
108,서울,2024-09-24,21,15.6,638,26.9,1535,,,
108,서울,2024-09-25,23.3,18.6,312,27.3,1424,.5,0,0
108,서울,2024-09-26,23.6,21.1,645,28,1505,3.58,.9,1.1
108,서울,2024-09-27,22.7,19.1,643,28,1534,,,
108,서울,2024-09-28,23.2,19.2,613,27.9,1359,,,
108,서울,2024-09-29,23.5,19.1,622,29,1446,,,
108,서울,2024-09-30,23,18.3,622,28.5,1532,,,
108,서울,2024-10-01,18.3,13.3,2400,21.7,1,4.5,1.3,2.1
108,서울,2024-10-02,14.9,11.6,649,19.9,1536,,,
108,서울,2024-10-03,16.4,10.8,618,22.5,1307,,,
108,서울,2024-10-04,17.6,11.9,642,24.2,1454,,,
108,서울,2024-10-05,17.5,11.6,601,24.4,1510,,,
108,서울,2024-10-06,15.4,12.3,546,17.9,1500,2.67,0,0
108,서울,2024-10-07,16.9,14,652,20.7,1312,,,
108,서울,2024-10-08,17.7,12.7,710,23.9,1505,,,
108,서울,2024-10-09,18.8,13.9,629,24.4,1402,,,
108,서울,2024-10-10,18.8,15.3,611,24.1,1547,.17,0,0
108,서울,2024-10-11,18.6,13.9,702,24.4,1451,,,
108,서울,2024-10-12,18.3,13.4,657,24.7,1535,,,
108,서울,2024-10-13,18.3,12.6,625,22.6,1535,,,
108,서울,2024-10-14,19.3,17.6,309,21.5,1444,1.5,0,0
108,서울,2024-10-15,19.2,17.6,612,21.9,1511,5.58,.2,.4
108,서울,2024-10-16,18.2,14.4,628,24.2,1449,,,
108,서울,2024-10-17,19,13.8,402,25.7,1512,,,
108,서울,2024-10-18,17.4,16.2,1955,18.8,930,11.33,9,20.9
108,서울,2024-10-19,16.6,12.4,2341,21.1,1151,2.08,.3,.9
108,서울,2024-10-20,13.4,10.5,709,17.8,1421,,,
108,서울,2024-10-21,14.8,9.7,233,19.3,1513,2.33,0,0
108,서울,2024-10-22,15.5,14.9,644,16.6,2155,21.5,1.4,3.6
108,서울,2024-10-23,12.7,9.4,2356,15.5,1341,5.5,.7,2
108,서울,2024-10-24,12.5,7.1,650,18.4,1501,,,
108,서울,2024-10-25,14.9,8.7,701,21.5,1416,,,
108,서울,2024-10-26,17,10.7,644,24,1552,,,
108,서울,2024-10-27,16,14,2400,18.8,1314,.58,0,0
108,서울,2024-10-28,15.7,12.3,416,20.4,1504,.13,0,0
108,서울,2024-10-29,15,13.4,504,18.3,1529,1,0,0
108,서울,2024-10-30,15.7,11.4,709,21.4,1405,,,
108,서울,2024-10-31,15.9,11,714,22.6,1455,,,
108,서울,2024-11-01,15.3,12.9,321,18.7,1454,,,
108,서울,2024-11-02,18.1,13,658,25.1,1510,,,
108,서울,2024-11-03,17.6,13,655,23.5,1347,.15,,
108,서울,2024-11-04,14.8,8.9,2354,18.3,1228,.5,,
108,서울,2024-11-05,9.1,5.6,737,14.7,1423,,,
108,서울,2024-11-06,7.5,4.1,628,12.5,1430,,,
108,서울,2024-11-07,7.8,1.6,707,15.7,1515,,,
108,서울,2024-11-08,10.2,3.1,629,18.1,1501,,,
108,서울,2024-11-09,12.9,6.8,607,20.3,1436,,,
108,서울,2024-11-10,14.4,10.3,536,21,1520,,,
108,서울,2024-11-11,14.6,9.7,743,21.8,1430,,,
108,서울,2024-11-12,14.3,11,2359,19.2,1520,,,
108,서울,2024-11-13,14.2,8.3,711,21.3,1433,,,
108,서울,2024-11-14,14.8,13.2,419,16.8,1434,4,,
108,서울,2024-11-15,17,13.7,109,21.5,1550,.75,,
108,서울,2024-11-16,17,14.4,2358,22.6,1316,5.92,,
108,서울,2024-11-17,7,2.1,2400,14.4,1,,,
108,서울,2024-11-18,2.8,-.7,721,7.9,1456,,,
108,서울,2024-11-19,5.7,.3,1,11.3,1418,,,
108,서울,2024-11-20,6.5,2.4,445,9.6,1206,,,
108,서울,2024-11-21,9.7,6,631,14.1,1319,1.83,,
108,서울,2024-11-22,6.2,3.3,801,10.6,1451,,,
108,서울,2024-11-23,6.4,1.5,711,12.6,1425,,,
108,서울,2024-11-24,7.4,2.6,729,14.2,1529,,,
108,서울,2024-11-25,10.1,3.6,459,15.4,1412,.42,,
108,서울,2024-11-26,5.8,1,2348,12.7,1,21.67,,
108,서울,2024-11-27,-.4,-1.3,742,1.2,48,19.17,,
108,서울,2024-11-28,.8,-1.7,2347,3.4,1307,8.83,,
108,서울,2024-11-29,.2,-3.4,709,3.4,1306,2.58,,
108,서울,2024-11-30,2.5,-.5,637,5.6,1446,1.42,,
108,서울,2024-12-01,5.2,1.6,444,8.2,1411,2.08,,
108,서울,2024-12-02,6.4,.6,2359,13,1403,.25,,
108,서울,2024-12-03,1.3,-2.4,740,5.2,1438,1.08,,
108,서울,2024-12-04,3.1,-.6,808,6.9,1447,.5,,
108,서울,2024-12-05,3.9,-.1,653,8.8,1339,.88,,
108,서울,2024-12-06,2.1,-.4,2352,5.2,1259,,,
108,서울,2024-12-07,.2,-2.5,640,4.6,1343,,,
108,서울,2024-12-08,-.2,-3.9,644,4.1,1451,,,
108,서울,2024-12-09,1,-3.8,622,7.4,1420,,,
108,서울,2024-12-10,2.6,-1.9,754,6.9,1513,,,
108,서울,2024-12-11,3,.2,2357,8.2,1450,,,
108,서울,2024-12-12,.5,-3.2,719,5.4,1331,,,
108,서울,2024-12-13,1,-1.5,2350,4.5,1439,,,
108,서울,2024-12-14,-.8,-3.6,749,2.5,1525,,,
108,서울,2024-12-15,1.2,-2.2,2355,5.4,1315,.33,,
108,서울,2024-12-16,-.2,-3.3,548,3.9,1238,4.75,,
108,서울,2024-12-17,-.8,-3.5,2353,3.8,1548,,,
108,서울,2024-12-18,-3.4,-6.2,739,.9,1520,,,
108,서울,2024-12-19,-1.4,-6.7,752,4.9,1451,,,
108,서울,2024-12-20,1.4,-2.1,436,5.3,1425,4.07,,
108,서울,2024-12-21,-.7,-4.7,2335,1.9,453,6.25,,
108,서울,2024-12-22,-3.4,-7.7,806,1,1540,,,
108,서울,2024-12-23,.3,-5,706,6.7,1442,,,
108,서울,2024-12-24,-.4,-4.3,725,5.1,1524,,,
108,서울,2024-12-25,2.7,-1.1,449,6.5,1424,.5,,
108,서울,2024-12-26,.1,-4.8,2356,4.2,1,.25,,
108,서울,2024-12-27,-2.6,-5.9,736,1.8,1403,2,,
108,서울,2024-12-28,-3,-6.7,821,1.1,1508,,,
108,서울,2024-12-29,1.1,-4.2,808,6.1,1417,,,
108,서울,2024-12-30,5.5,1.9,26,10.1,1234,.25,,
108,서울,2024-12-31,.6,-2,821,4.9,4,.33,,
108,서울,2025-01-01,2.6,-2.5,441,8.9,1540,,,
108,서울,2025-01-02,.5,-2.9,804,6,1507,,,
108,서울,2025-01-03,-1.1,-5.1,522,3.2,1551,.5,,
108,서울,2025-01-04,-.1,-5.4,752,5.7,1503,,,
108,서울,2025-01-05,1.2,-.7,109,2.5,2353,9,,
108,서울,2025-01-06,1,-3,2336,3.4,1323,3.03,,
108,서울,2025-01-07,-2.6,-5.7,800,1.5,1437,1,,
108,서울,2025-01-08,-3.4,-6.1,2344,.2,1452,1.25,,
108,서울,2025-01-09,-9.7,-11.6,2322,-6.1,1,.25,,
108,서울,2025-01-10,-7.3,-12.2,721,-1.7,1553,,,
108,서울,2025-01-11,-5.1,-9.5,752,.4,1502,,,
108,서울,2025-01-12,-3.4,-8.2,748,2.5,1411,,,
108,서울,2025-01-13,-.4,-5.6,555,4.1,1330,7.42,,
108,서울,2025-01-14,2.3,-1.7,2355,5.2,1305,1.58,,
108,서울,2025-01-15,-3.5,-5.3,802,-.5,1517,,,
108,서울,2025-01-16,-.5,-4.9,1,2.8,1448,2,,
108,서울,2025-01-17,-.5,-4.9,750,5.6,1615,,,
108,서울,2025-01-18,1,-4,756,7.5,1340,,,
108,서울,2025-01-19,3.8,-1.2,148,9,1418,,,
108,서울,2025-01-20,3.9,.9,2346,7.5,1447,.17,,
108,서울,2025-01-21,2.4,-1,809,6.3,1400,,,
108,서울,2025-01-22,3.6,.5,2353,7.7,1529,,,
108,서울,2025-01-23,2,-2.4,710,7.7,1526,,,
108,서울,2025-01-24,3.1,-2.7,815,10.6,1542,,,
108,서울,2025-01-25,5.2,1.2,536,11.4,1404,,,
108,서울,2025-01-26,4.6,1.8,619,7.5,1330,,,
108,서울,2025-01-27,.2,-2.7,2357,5.1,1,22.35,,
108,서울,2025-01-28,-3.9,-5.3,2331,-2.5,1457,22.58,,
108,서울,2025-01-29,-4.6,-6.4,823,-1.3,1351,11.75,,
108,서울,2025-01-30,-3.8,-7.5,746,-1,1240,,,
108,서울,2025-01-31,-.8,-2.6,647,.7,2317,17.92,,
108,서울,2025-02-01,1.6,-2,645,7.9,1558,,,
108,서울,2025-02-02,1.5,-2.5,808,6.8,1537,.08,,
108,서울,2025-02-03,-4.1,-8.2,2327,.6,1,,,
108,서울,2025-02-04,-9,-11.5,753,-5.3,1508,,,
108,서울,2025-02-05,-8.6,-11.8,440,-3.7,1454,,,
108,서울,2025-02-06,-5.6,-11.5,358,-.2,1332,2.75,,
108,서울,2025-02-07,-8,-10.7,2243,-4.7,310,6.17,,
108,서울,2025-02-08,-7.9,-11.5,555,-3.4,1617,,,
108,서울,2025-02-09,-4.7,-9.6,716,1.7,1513,,,
108,서울,2025-02-10,-2.6,-7.5,710,2.6,1554,1.58,,
108,서울,2025-02-11,.5,-5.7,710,7,1459,,,
108,서울,2025-02-12,.5,-2.9,2346,2.5,1551,12.5,,
108,서울,2025-02-13,.2,-5.8,643,6.1,1511,,,
108,서울,2025-02-14,3.7,-1.6,746,10.1,1517,,,
108,서울,2025-02-15,4.1,.4,701,7.8,1459,,,
108,서울,2025-02-16,4.3,.4,2359,9.7,1351,,,
108,서울,2025-02-17,-.3,-3.4,2357,3.5,1530,,,
108,서울,2025-02-18,-2.3,-5.2,738,2.6,1505,,,
108,서울,2025-02-19,-3,-5.8,357,1.2,1523,,,
108,서울,2025-02-20,-2.9,-6.5,634,1.9,1605,,,
108,서울,2025-02-21,-2.5,-6.4,502,2.6,1418,,,
108,서울,2025-02-22,-2.3,-5.6,434,2.7,1355,,,
108,서울,2025-02-23,-3.6,-6.5,502,.5,1529,,,
108,서울,2025-02-24,-1.3,-6.3,407,4.7,1554,,,
108,서울,2025-02-25,2.1,-3.1,728,6.1,1251,,,
108,서울,2025-02-26,3.7,.7,2326,9.1,1527,,,
108,서울,2025-02-27,5.8,-2,717,14.2,1454,,,
108,서울,2025-02-28,7.8,3.7,604,13.7,1539,,,
108,서울,2025-03-01,8.5,3.4,552,13,1213,1.5,,
108,서울,2025-03-02,8.3,2.2,2349,15.6,1310,9.42,,
108,서울,2025-03-03,3.1,1,633,7.1,1311,7.33,,
108,서울,2025-03-04,2.5,.9,1018,3.4,1707,8.75,,
108,서울,2025-03-05,4.8,2.3,707,9.2,1605,.5,,
108,서울,2025-03-06,4.8,-.4,721,10.4,1547,,,
108,서울,2025-03-07,5.3,0,706,11.1,1519,,,
108,서울,2025-03-08,5.8,2.8,732,11.2,1440,,,
108,서울,2025-03-09,6.9,1.2,717,13.5,1636,,,
108,서울,2025-03-10,8,2.4,544,14.9,1503,,,
108,서울,2025-03-11,9.4,2.9,655,16.6,1532,,,
108,서울,2025-03-12,8.5,6.7,548,11.8,1315,1.08,,
108,서울,2025-03-13,8.9,3.2,703,15,1632,,,
108,서울,2025-03-14,12.4,5,703,20.1,1515,,,
108,서울,2025-03-15,12.6,10,709,17.2,1437,.75,,
108,서울,2025-03-16,4.9,1.3,2331,10.1,1,9,,
108,서울,2025-03-17,2.5,-1.3,631,6.8,1350,3.92,,
108,서울,2025-03-18,2.1,.3,711,5.6,1636,12.92,,
108,서울,2025-03-19,2.4,-1.9,543,7.3,1459,,,
108,서울,2025-03-20,8.2,2.2,1,15,1448,,,
108,서울,2025-03-21,11.6,7.9,125,18.7,1555,,,
108,서울,2025-03-22,12.8,6.1,645,19.9,1504,,,
108,서울,2025-03-23,15.2,7.1,615,24,1427,,,
108,서울,2025-03-24,15.5,11.7,2324,21.3,1349,.67,,
108,서울,2025-03-25,12.7,8.4,2353,21.4,1353,,,
108,서울,2025-03-26,15.5,6,535,23.9,1639,,,
108,서울,2025-03-27,13.7,7.1,2359,18.6,11,4.83,,
108,서울,2025-03-28,6.5,3.1,2358,11.8,1335,,,
108,서울,2025-03-29,3.3,.6,629,6.7,1502,2.25,,
108,서울,2025-03-30,3.3,-1.8,649,7.6,1704,4.67,,
108,서울,2025-03-31,7.7,1.2,612,14.1,1542,,,
108,서울,2025-04-01,10.1,3.9,638,17,1444,,,
108,서울,2025-04-02,8.9,5.2,558,14.4,1157,.32,0,0
108,서울,2025-04-03,9.8,3.6,630,16.9,1455,,,
108,서울,2025-04-04,10.6,6,630,16.4,1407,,,
108,서울,2025-04-05,8,7.5,1646,9.5,1,18.22,1.1,4.3
108,서울,2025-04-06,10.3,6.9,642,15.7,1508,.33,0,0
108,서울,2025-04-07,13.5,5.5,649,20.1,1428,,,
108,서울,2025-04-08,13.8,10.7,622,18.9,1533,,,
108,서울,2025-04-09,12.7,8.4,628,18,1313,2.52,.5,.8
108,서울,2025-04-10,13.2,8.8,657,19.1,1515,3.42,0,0
108,서울,2025-04-11,16.2,8.1,617,24.2,1453,,,
108,서울,2025-04-12,12.9,1.4,2329,22.5,1135,11.17,1,4.2
108,서울,2025-04-13,5.5,1.1,45,8.2,1002,6.47,.6,2.7
108,서울,2025-04-14,4.4,2.6,304,6,1110,11.88,2,3.9
108,서울,2025-04-15,8.2,2.3,432,14,1504,,,
108,서울,2025-04-16,14.6,6.4,330,21.9,1435,,,
108,서울,2025-04-17,19.7,15.8,618,24.7,1328,,,
108,서울,2025-04-18,18.6,15.4,902,23.7,1621,.83,0,0
108,서울,2025-04-19,15.3,12.2,2352,20,1311,11.5,1.6,3.6
108,서울,2025-04-20,16.7,9.5,543,24.1,1617,,,
108,서울,2025-04-21,20.7,14.2,503,27.1,1518,,,
108,서울,2025-04-22,17.8,14.2,2358,20.4,1,11.53,2.5,8.4
108,서울,2025-04-23,16.8,10.9,558,22.9,1410,,,
108,서울,2025-04-24,14.7,10.7,2352,19.6,1434,,,
108,서울,2025-04-25,12.5,7.7,555,17.8,1357,,,
108,서울,2025-04-26,13.8,7.2,601,20,1351,,,
108,서울,2025-04-27,14.9,10.7,245,19.1,1419,,,
108,서울,2025-04-28,15.1,10.3,636,20.2,1535,,,
108,서울,2025-04-29,14.8,8.2,538,21,1353,,,
108,서울,2025-04-30,18.4,10,558,25.8,1419,,,
108,서울,2025-05-01,14.7,11.3,2355,17.6,744,7.6,2.5,9
108,서울,2025-05-02,13.4,8.2,600,18.5,1530,.75,0,0
108,서울,2025-05-03,11.2,9.5,708,14,1353,11.55,.6,2.2
108,서울,2025-05-04,13.7,8.2,417,19.9,1418,,,
108,서울,2025-05-05,12.1,9.3,317,15,1350,,,
108,서울,2025-05-06,14.4,8.5,450,19.5,1630,,,
108,서울,2025-05-07,14.9,9.9,554,21.1,1439,,,
108,서울,2025-05-08,17.4,9.7,602,24.9,1543,,,
108,서울,2025-05-09,15.1,14.1,1330,17.4,8,17.17,1.4,3.6
108,서울,2025-05-10,12.3,11.6,831,15.3,110,16.25,.8,2.7
108,서울,2025-05-11,14.7,11.4,206,20.2,1643,.83,0,0
108,서울,2025-05-12,17,9.8,543,23.6,1635,,,
108,서울,2025-05-13,19.9,13.3,512,25.8,1309,,,
108,서울,2025-05-14,21,14.1,547,26.7,1437,.5,0,0
108,서울,2025-05-15,19.5,16.8,922,22.2,1621,9.5,.1,.4
108,서울,2025-05-16,19.4,17.8,2339,22,1437,18.58,7.7,14.2
108,서울,2025-05-17,18.3,14.7,2351,24.3,1305,6.08,1.1,2.2
108,서울,2025-05-18,15.6,11.4,541,21,1459,,,
108,서울,2025-05-19,16.1,10.5,357,20.9,1538,5.08,.3,.8
108,서울,2025-05-20,22.2,17.4,1,27.3,1513,10.17,.2,.7
108,서울,2025-05-21,25.5,22.3,2345,30.8,1417,,,
108,서울,2025-05-22,23.9,20,734,28.5,1536,2.75,.5,.7
108,서울,2025-05-23,19.4,15.4,2343,22.2,1,4.67,.4,.8
108,서울,2025-05-24,15.6,13,537,19.3,1708,5.83,.6,2.4
108,서울,2025-05-25,17.4,11.7,504,22.6,1607,,,
108,서울,2025-05-26,19.7,13,544,26.2,1505,,,
108,서울,2025-05-27,20.8,14.7,539,27,1427,,,
108,서울,2025-05-28,20.8,16.3,529,26.9,1528,.68,0,0
108,서울,2025-05-29,21.2,15.3,540,27.3,1557,,,
108,서울,2025-05-30,22.2,16.7,605,28.3,1535,,,
108,서울,2025-05-31,21.5,16.4,528,27,1517,,,
108,서울,2025-06-01,22.6,17,550,29.3,1508,,,
108,서울,2025-06-02,21,19.2,513,23.1,1529,5.67,0,0
108,서울,2025-06-03,20.9,17,2358,25.3,1216,,,
108,서울,2025-06-04,20.5,15.2,512,25.3,1246,,,
108,서울,2025-06-05,21.7,15.6,605,27.1,1432,,,
108,서울,2025-06-06,24.1,17.7,531,30,1347,,,
108,서울,2025-06-07,23.7,19.8,507,28.2,1600,1.43,.1,.6
108,서울,2025-06-08,25.1,21.4,520,30.4,1355,2.42,.6,.6
108,서울,2025-06-09,24.2,20.6,534,30.2,1513,.42,0,0
108,서울,2025-06-10,21.7,18.8,2357,25.3,1659,.08,0,0
108,서울,2025-06-11,22.7,15.9,526,28.5,1418,,,
108,서울,2025-06-12,25.5,17.9,537,33.1,1616,,,
108,서울,2025-06-13,24,20.1,2224,29.4,1234,5.08,.9,1.5
108,서울,2025-06-14,25.6,20.3,1,32.1,1647,,,
108,서울,2025-06-15,26.3,21.7,607,33.2,1410,5.08,3.1,7.9
108,서울,2025-06-16,23,21.8,2351,25.1,1245,10.5,9.5,13.1
108,서울,2025-06-17,24.8,21.1,510,29.6,1526,,,
108,서울,2025-06-18,25.5,21.2,536,30.9,1508,,,
108,서울,2025-06-19,28.1,21.1,549,34.2,1426,.92,.6,.8
108,서울,2025-06-20,24.1,22.2,2318,28.3,1,23.67,2.6,8
108,서울,2025-06-21,22,20.5,2354,24.2,1643,8.17,.2,.5
108,서울,2025-06-22,23.3,18.1,536,28.6,1515,,,
108,서울,2025-06-23,26.1,19.4,534,31.7,1620,,,
108,서울,2025-06-24,25,20.5,2332,28,1244,4.08,.9,2.1
108,서울,2025-06-25,20.9,19.5,327,22.1,1407,18.08,1,2.8
108,서울,2025-06-26,22.2,19.9,449,24.2,1734,3.5,.3,1
108,서울,2025-06-27,25,21.1,440,29.3,1620,1.97,0,0
108,서울,2025-06-28,26.2,24.5,555,28.1,1514,5.83,.2,.5
108,서울,2025-06-29,27.1,24.9,654,30.2,1659,1,0,0
108,서울,2025-06-30,28.2,25.6,516,31.2,1354,,,
108,서울,2025-07-01,28.6,26.2,729,31.8,1336,3.67,.9,.9
108,서울,2025-07-02,28.6,26.8,520,30.9,1247,.33,0,0
108,서울,2025-07-03,28.3,26.5,2357,32,1523,.08,0,0
108,서울,2025-07-04,27.2,25.7,453,30,1436,1.75,0,0
108,서울,2025-07-05,28.4,26,459,32.3,1501,,,
108,서울,2025-07-06,29.1,26.3,727,32.8,1408,,,
108,서울,2025-07-07,29.1,26.7,545,33.2,1623,,,
108,서울,2025-07-08,31.3,26.9,612,37.8,1509,3,5.3,6.4
108,서울,2025-07-09,31.9,27.4,530,36,1629,,,
108,서울,2025-07-10,31.4,27.3,554,36.2,1553,,,
108,서울,2025-07-11,30.2,24.6,559,36.1,1658,,,
108,서울,2025-07-12,30.3,24.4,554,36.5,1617,,,
108,서울,2025-07-13,27.7,25.6,2346,31,1241,2.5,0,0
108,서울,2025-07-14,24.2,21.7,2343,28.1,1129,12.25,.9,4
108,서울,2025-07-15,23.6,21.5,200,25.9,1516,11.17,.6,1.3
108,서울,2025-07-16,23.3,22.2,2111,24.8,820,16.33,8,27
108,서울,2025-07-17,23.3,22,1000,24.4,1525,18.58,19,32.5
108,서울,2025-07-18,24.7,22.9,903,27.2,1820,11,4.7,9.5
108,서울,2025-07-19,23.9,21.9,405,25.8,1719,23.17,10.4,32.1
108,서울,2025-07-20,27.7,25,543,31.3,1643,6.92,3.3,7.2
108,서울,2025-07-21,28.5,25.6,414,31.6,1455,1,0,0
108,서울,2025-07-22,28.8,26.6,527,32.2,1431,.58,.1,.1
108,서울,2025-07-23,28.9,25.5,540,33.3,1418,,,
108,서울,2025-07-24,29.8,25.8,533,34.1,1350,,,
108,서울,2025-07-25,31.1,25.6,546,36.3,1531,,,
108,서울,2025-07-26,32.3,27.6,551,37.1,1701,,,
108,서울,2025-07-27,32.8,28.3,550,38,1535,,,
108,서울,2025-07-28,32.2,28.8,555,36.4,1529,,,
108,서울,2025-07-29,32,27.6,548,36.7,1428,,,
108,서울,2025-07-30,32.1,28.3,512,36.3,1447,,,
108,서울,2025-07-31,30.9,29.3,610,34.6,1432,,,
108,서울,2025-08-01,31,27.8,538,35.1,1213,.25,0,0
108,서울,2025-08-02,31.2,27.3,605,36.2,1600,,,
108,서울,2025-08-03,28.8,24,2359,32.5,1348,7.25,.6,1.4
108,서울,2025-08-04,28.1,23.7,522,33.9,1647,5.92,.4,.9
108,서울,2025-08-05,29.1,25.4,558,33.5,1505,,,
108,서울,2025-08-06,27.1,25.8,2028,29.3,1058,10.5,4.3,9.6
108,서울,2025-08-07,28.2,25.4,602,32.3,1541,,,
108,서울,2025-08-08,26.6,23.9,615,30.2,1404,1.75,5,6.3
108,서울,2025-08-09,24.9,23.1,2356,26.4,1738,5.92,1.2,2.8
108,서울,2025-08-10,27.3,21,538,33.2,1559,,,
108,서울,2025-08-11,27,25,543,29.5,1415,.25,0,0
108,서울,2025-08-12,28.6,23.3,559,34.1,1602,,,
108,서울,2025-08-13,25.1,22,1053,27.1,1719,15.67,16.5,32.7
108,서울,2025-08-14,25.5,24.2,736,26.9,1649,12.48,12.3,24.6
108,서울,2025-08-15,27.1,24.4,505,30.9,1557,3.17,0,0
108,서울,2025-08-16,28.2,25.5,429,32.2,1434,,,
108,서울,2025-08-17,28.4,26.1,355,32,1358,,,
108,서울,2025-08-18,28.9,27,548,32.9,1453,7.42,.4,1.3
108,서울,2025-08-19,29.1,26.9,525,32.3,1444,,,
108,서울,2025-08-20,29.4,26.9,602,32.8,1434,.75,0,0
108,서울,2025-08-21,29.8,27.4,519,34.3,1402,,,
108,서울,2025-08-22,29.4,26.1,539,33.5,1519,,,
108,서울,2025-08-23,29.3,27.4,456,32.2,1624,,,
108,서울,2025-08-24,30.2,26.9,451,34.7,1451,,,
108,서울,2025-08-25,28.7,26.3,940,32.2,1649,6.93,10.8,14.2
108,서울,2025-08-26,27.6,25.5,609,31.8,1543,8.75,1.2,2.5
108,서울,2025-08-27,26.7,23.6,617,30.8,1541,,,
108,서울,2025-08-28,28.3,24.7,617,31,1350,,,
108,서울,2025-08-29,29,27.3,543,32.8,1350,6.82,11.5,12.5
108,서울,2025-08-30,28.4,25.8,832,31.8,1604,6.92,8.6,10.7
108,서울,2025-08-31,28.5,25.1,549,31.8,1438,.08,0,0
108,서울,2025-09-01,26.1,24.4,2357,28.2,1329,7.75,5.3,8.5
108,서울,2025-09-02,26,22,643,30.6,1651,,,
108,서울,2025-09-03,27.6,22.6,608,32.1,1538,,,
108,서울,2025-09-04,25.8,22.8,626,29.8,1551,9.92,11.5,34.4
108,서울,2025-09-05,27.9,23.5,556,33,1520,,,
108,서울,2025-09-06,26.8,25.4,1941,30.4,1518,9.07,8.9,14.9
108,서울,2025-09-07,25.3,22.3,2353,28.3,1310,1.07,.2,.5
108,서울,2025-09-08,24.4,20.6,623,29.5,1454,3.75,0,0
108,서울,2025-09-09,23.7,21.4,2356,26.9,1615,5.5,0,0
108,서울,2025-09-10,24.8,18.4,642,31.5,1615,,,
108,서울,2025-09-11,25.8,19.9,539,31.7,1604,,,
108,서울,2025-09-12,23.9,21.1,2400,26.3,1232,7.33,.7,2.7
108,서울,2025-09-13,23.3,20.4,205,27.6,1608,8.58,6,22.5
108,서울,2025-09-14,24.8,21.5,624,29.3,1616,,,
108,서울,2025-09-15,25.7,20.8,638,30.7,1447,,,
108,서울,2025-09-16,23.7,22.2,429,27.1,1327,4.27,9.7,14.8
108,서울,2025-09-17,22.7,21.2,2354,24,837,8.5,21.5,41.2
108,서울,2025-09-18,22.1,19.6,606,26,1513,,,
108,서울,2025-09-19,19.4,17.9,2352,21.4,1152,15.08,2.5,7.1
108,서울,2025-09-20,20,17.5,336,23.6,1635,8.58,2.8,11.6
108,서울,2025-09-21,21.6,17.2,540,27.3,1507,,,
108,서울,2025-09-22,21.3,17.6,636,25.1,1341,,,
108,서울,2025-09-23,22.7,19.2,626,26.8,1530,.83,0,0
108,서울,2025-09-24,22,20.4,340,23.7,1144,11.5,10.2,24.6
108,서울,2025-09-25,22.5,20.2,2351,26.4,1622,1.25,.2,.3
108,서울,2025-09-26,21.7,17.8,626,27.1,1543,,,
108,서울,2025-09-27,22.5,17.6,617,27.2,1420,,,
108,서울,2025-09-28,20,18.4,1000,21.9,1411,7.92,2.4,13
108,서울,2025-09-29,19.6,16.6,656,23.9,1454,,,
108,서울,2025-09-30,19.8,17.3,625,24,1409,,,
108,서울,2025-10-01,20.5,16.7,626,25.6,1421,,,
108,서울,2025-10-02,21.4,17.3,620,25.8,1324,,,
108,서울,2025-10-03,21.2,19.8,621,22.3,1338,9.33,.2,.3
108,서울,2025-10-04,22.5,20.9,624,25,1405,2.23,0,0
108,서울,2025-10-05,21.4,20.6,1953,22.3,32,7.17,3.9,10.4
108,서울,2025-10-06,17.6,15.4,2001,20.7,1,19.67,2.3,8.1
108,서울,2025-10-07,18.2,15.5,1,20,1322,22.67,.5,2
108,서울,2025-10-08,21.9,17.2,652,28,1518,.58,0,0
108,서울,2025-10-09,20,16.9,2348,22.6,1304,8,.1,.2
108,서울,2025-10-10,17,16,308,17.7,1309,23.92,2,7
108,서울,2025-10-11,20.3,17.3,13,23.8,1357,16.17,1.5,4.8
108,서울,2025-10-12,19,17.6,350,21.4,1302,2.5,.1,.1
108,서울,2025-10-13,15.7,13.9,1950,18.3,1,17,1.4,4.7
108,서울,2025-10-14,17.9,14.4,1,20.9,1402,6.5,.2,.4
108,서울,2025-10-15,20.2,16.1,615,25.3,1414,6.08,.3,1.2
108,서울,2025-10-16,20.2,17,706,24.8,1452,3.58,.2,.6
108,서울,2025-10-17,19.9,15.6,600,24.8,1353,7.75,1.7,5.3
108,서울,2025-10-18,15.8,14.2,2356,18.6,1,7.83,.6,2.8
108,서울,2025-10-19,14.5,8.9,2353,19.2,1322,,,
108,서울,2025-10-20,10,5.3,649,16.5,1517,,,
108,서울,2025-10-21,9.2,4.8,544,14.1,1439,,,
108,서울,2025-10-22,13.1,6.6,340,18.6,1508,,,
108,서울,2025-10-23,14.9,11.8,452,19.6,1424,,,
108,서울,2025-10-24,15.8,11.3,710,21.5,1546,,,
108,서울,2025-10-25,14.4,12.6,737,17.7,1529,,,
108,서울,2025-10-26,12.2,10.6,2356,13.9,1434,2.67,.3,.4
108,서울,2025-10-27,8.1,3.7,727,12.2,1456,,,
108,서울,2025-10-28,8.5,3,734,14.4,1420,,,
108,서울,2025-10-29,11.4,6.2,332,18.3,1507,,,
108,서울,2025-10-30,12.8,7.7,655,18.2,1344,,,
108,서울,2025-10-31,15.1,11.3,604,20.7,1432,2.83,.3,.7
108,서울,2025-11-01,12.9,10.5,722,17.7,1431,4.67,,
108,서울,2025-11-02,8,3.7,2352,11.7,1414,.32,,
108,서울,2025-11-03,7.2,.5,618,14.7,1438,,,
108,서울,2025-11-04,10.2,5.5,633,16.3,1507,,,
108,서울,2025-11-05,11.6,5.7,653,19,1406,,,
108,서울,2025-11-06,12.5,7.3,712,18.8,1434,,,
108,서울,2025-11-07,13.9,8.3,728,19.9,1445,,,
108,서울,2025-11-08,14.5,12.3,317,17,1430,.52,,
108,서울,2025-11-09,13.5,10.4,2352,17.6,1302,,,
108,서울,2025-11-10,8.3,5.4,701,12.7,1455,,,
108,서울,2025-11-11,8.9,3.9,318,15.1,1359,,,
108,서울,2025-11-12,10.8,6,549,17.7,1424,,,
108,서울,2025-11-13,11.1,6.7,508,17.6,1424,,,
108,서울,2025-11-14,9.1,4.5,746,15.1,1421,,,
108,서울,2025-11-15,9.8,3.6,737,17.5,1516,,,
108,서울,2025-11-16,11.6,5.5,731,18.7,1346,1.25,,
108,서울,2025-11-17,3.2,-.7,2355,9.7,1,,,
108,서울,2025-11-18,1.6,-2,546,6.5,1443,,,
108,서울,2025-11-19,3,-1.6,727,8.6,1502,,,
108,서울,2025-11-20,7.4,1.6,106,14.6,1453,,,
108,서울,2025-11-21,7.4,1,655,12.5,1406,,,
108,서울,2025-11-22,9.6,5.4,739,15.1,1412,,,
108,서울,2025-11-23,10.9,6.6,235,14.4,1419,,,
108,서울,2025-11-24,12.4,9.6,2350,16.8,1448,,,
108,서울,2025-11-25,7.4,5.3,2328,9.6,1,3.58,,
108,서울,2025-11-26,6.4,3.5,750,10.9,1241,,,
108,서울,2025-11-27,5.1,2.5,2350,8.7,1323,5.83,,
108,서울,2025-11-28,2.3,-1.3,728,7,1436,,,
108,서울,2025-11-29,5.7,.3,615,9.3,2317,2.92,,
108,서울,2025-11-30,12.4,9.1,34,16.1,1406,,,
108,서울,2025-12-01,5.5,2.3,2358,12.2,1,,,
108,서울,2025-12-02,.1,-5.4,2354,3.3,1500,,,
108,서울,2025-12-03,-5.9,-8.1,2359,-2.8,1436,,,
108,서울,2025-12-04,-3.2,-9.4,650,3.5,1503,2.5,,
108,서울,2025-12-05,-2.6,-6.9,725,2.5,1517,,,
108,서울,2025-12-06,2.1,-2,8,4.5,1555,3.17,,
108,서울,2025-12-07,8.3,3.4,739,13.4,1350,,,
108,서울,2025-12-08,3.4,.8,2358,7.3,1440,,,
108,서울,2025-12-09,2.8,-2.4,744,8.7,1357,,,
108,서울,2025-12-10,4.9,.7,550,8.6,1503,,,
108,서울,2025-12-11,4,-1.8,2352,8.4,1412,5.17,,
108,서울,2025-12-12,2,-3.6,611,7,1440,,,
108,서울,2025-12-13,2.6,-.8,2347,4.5,853,13.67,,
108,서울,2025-12-14,-.1,-1.5,2359,3.1,1554,3.5,,
108,서울,2025-12-15,.7,-3.5,654,4.5,1456,,,
108,서울,2025-12-16,3.8,2.1,1,5,2344,8.33,,
108,서울,2025-12-17,4.2,1.2,2354,7.6,1514,,,
108,서울,2025-12-18,2.3,-1.9,750,8.5,1402,,,
108,서울,2025-12-19,4.9,-.7,608,9.9,1548,,,
108,서울,2025-12-20,7.3,1,2359,10.7,1300,8.82,,
108,서울,2025-12-21,-1.1,-3.4,2351,2.5,1438,,,
108,서울,2025-12-22,-.7,-5.9,741,5.1,1543,,,
108,서울,2025-12-23,2.6,.1,1,4.3,1222,10.75,,
108,서울,2025-12-24,2.8,-1,2346,6.3,1452,,,
108,서울,2025-12-25,-3.6,-8.9,2345,0,1406,,,
108,서울,2025-12-26,-8.2,-11.8,759,-4,1456,,,
108,서울,2025-12-27,-2.6,-8.3,22,.5,1550,.33,,
108,서울,2025-12-28,3.2,0,1,6.1,1518,4.42,,
108,서울,2025-12-29,4.9,-.1,2345,9.1,1446,2,,
108,서울,2025-12-30,-.5,-3.7,802,3.8,1446,,,
108,서울,2025-12-31,-5.6,-8.9,2345,-1.2,1,,,
